contest_id,year,election_type,contest_name_raw,contest_name,position,date,seats,valid_votes,invalid_votes,quota,election_rules,has_stv_rounds,source,source_pdf
2007|UK national|UCU - (Further Education) London and East,2007,UK national,UCU - (Further Education) London and East,UCU - (Further Education) London and East,UCU - (Further Education) London and East,7/3/07,2,1106,13,368.67,ERS97,True,pdf,data/raw/2007/pdfs/felondonandeast_ucuelctns07_1.pdf
2007|UK national|UCU - Midlands,2007,UK national,UCU - Midlands,UCU - Midlands,UCU - Midlands,7/3/07,2,840,11,280,ERS97,True,pdf,data/raw/2007/pdfs/femidlands_ucuelctns07_1.pdf
2007|UK national|UCU-FE-North East,2007,UK national,UCU-FE-North East,UCU-FE-North East,UCU-FE-North East,7/3/07,2,930,4,310,ERS97,True,pdf,data/raw/2007/pdfs/fenortheast_ucuelctns07_1.pdf
2007|UK national|UCU-FE-South,2007,UK national,UCU-FE-South,UCU-FE-South,UCU-FE-South,7/3/07,2,864,7,288,ERS97,True,pdf,data/raw/2007/pdfs/fesouth_ucuelctns07_1.pdf
2007|UK national|UCU - (Higher Education) London and East,2007,UK national,UCU - (Higher Education) London and East,UCU - (Higher Education) London and East,UCU - (Higher Education) London and East,7/3/07,3,1928,56,469.5,ERS97,True,pdf,data/raw/2007/pdfs/helondonandeast_ucuelctns07_1.pdf
2007|UK national|UCU-HE-Midlands,2007,UK national,UCU-HE-Midlands,UCU-HE-Midlands,UCU-HE-Midlands,7/3/07,2,1411,16,470.34,ERS97,True,pdf,data/raw/2007/pdfs/hemidlands_ucuelctns07_1.pdf
2007|UK national|UCU - North East,2007,UK national,UCU - North East,UCU - North East,UCU - North East,7/3/07,3,1710,22,427.5,ERS97,True,pdf,data/raw/2007/pdfs/henortheast_ucuelctns07_1.pdf
2007|UK national|UCU - North West,2007,UK national,UCU - North West,UCU - North West,UCU - North West,7/3/07,2,1120,18,340.67,ERS97,True,pdf,data/raw/2007/pdfs/henorthwest_ucuelctns07_1.pdf
2007|UK national|UCU - South,2007,UK national,UCU - South,UCU - South,UCU - South,7/3/07,3,2008,38,492,ERS97,True,pdf,data/raw/2007/pdfs/hesouth_ucuelctns07_1.pdf
2007|UK national|UCU-President-elect FE,2007,UK national,UCU-President-elect FE,UCU-President-elect FE,UCU-President-elect FE,7/3/07,1,12152,4563,6076,ERS97,True,pdf,data/raw/2007/pdfs/pres-electfe_ucuelctns07_1.pdf
2007|UK national|UCU-President-elect HE,2007,UK national,UCU-President-elect HE,UCU-President-elect HE,UCU-President-elect HE,7/3/07,1,13090,3625,6024.5,ERS97,True,pdf,data/raw/2007/pdfs/pres-electhe_ucuelctns07_1.pdf
2007|UK national|UCU-Trustees,2007,UK national,UCU-Trustees,UCU-Trustees,UCU-Trustees,7/3/07,4,13109,3606,2560.4,ERS97,True,pdf,data/raw/2007/pdfs/trustees_ucuelctns07_1.pdf
2007|UK national|UCU - NEC-Further Education,2007,UK national,UCU - NEC-Further Education,UCU - NEC-Further Education,UCU - NEC-Further Education,7/3/07,10,4245,175,385.91,ERS97,True,pdf,data/raw/2007/pdfs/ukfe_ucuelctns07_1.pdf
2007|UK national|UCU - NEC-Higher Education,2007,UK national,UCU - NEC-Higher Education,UCU - NEC-Higher Education,UCU - NEC-Higher Education,7/3/07,14,8745,743,583,ERS97,True,pdf,data/raw/2007/pdfs/ukhe_ucuelctns07_1.pdf
2007|UK national|UCU-Women-FE,2007,UK national,UCU-Women-FE,UCU-Women-FE,UCU-Women-FE,7/3/07,2,9159,7556,3053,ERS97,True,pdf,data/raw/2007/pdfs/womenfe_ucuelctns07_1.pdf
2007|UK national|UCU-Women-HE,2007,UK national,UCU-Women-HE,UCU-Women-HE,UCU-Women-HE,7/3/07,3,9393,7322,2348.25,ERS97,True,pdf,data/raw/2007/pdfs/womenhe_ucuelctns07_1.pdf
2009|UK national|UCU-Further Education UK,2009,UK national,UCU-Further Education UK,UCU-Further Education UK,UCU-Further Education UK,05/03/2009,5,3503,26,= 583.84,Custom,True,pdf,data/raw/2009/pdfs/elect09_feukcount.pdf
2009|UK national|UCU-Higher Education-North West,2009,UK national,UCU-Higher Education-North West,UCU-Higher Education-North West,UCU-Higher Education-North West,05/03/2009,2,780,10,260,ERS97,True,pdf,data/raw/2009/pdfs/elect09_henwcount.pdf
2009|UK national|UCU-Higher Education-South,2009,UK national,UCU-Higher Education-South,UCU-Higher Education-South,UCU-Higher Education-South,05/03/2009,3,1475,9,368.75,ERS97,True,pdf,data/raw/2009/pdfs/elect09_hesouthcount.pdf
2009|UK national|UCU-Higher Education UK,2009,UK national,UCU-Higher Education UK,UCU-Higher Education UK,UCU-Higher Education UK,05/03/2009,7,6569,65,810.75,Custom,True,pdf,data/raw/2009/pdfs/elect09_heukcount.pdf
2009|UK national|UCU-Vice-President,2009,UK national,UCU-Vice-President,UCU-Vice-President,UCU-Vice-President,05/03/2009,1,10593,278,5165,ERS97,True,pdf,data/raw/2009/pdfs/elect09_vicepresidentcount.pdf
2010|UK national|UK-elected FE,2010,UK national,UK-elected FE,UK-elected FE,UK-elected FE,05/03/2010,4,3755,20,751,Custom,True,pdf,data/raw/2010/pdfs/elect10_countFEUK.pdf
2010|UK national|North East FE,2010,UK national,North East FE,North East FE,North East FE,05/03/2010,2,736,4,245.34,ERS97,True,pdf,data/raw/2010/pdfs/elect10_countFEnortheast.pdf
2010|UK national|UK-elected HE,2010,UK national,UK-elected HE,UK-elected HE,UK-elected HE,17/03/2010,6,6936,89,990.86,,True,pdf,data/raw/2010/pdfs/elect10_countHEUK.pdf
2010|UK national|UCU-London and East HE,2010,UK national,UCU-London and East HE,UCU-London and East HE,UCU-London and East HE,17/03/2010,3,1928,57,482,,True,pdf,data/raw/2010/pdfs/elect10_countHElondoneast.pdf
2010|UK national|North East HE,2010,UK national,North East HE,North East HE,North East HE,05/03/2010,3,1092,9,273,ERS97,True,pdf,data/raw/2010/pdfs/elect10_countHEnortheast.pdf
2010|UK national|Women Members HE,2010,UK national,Women Members HE,Women Members HE,Women Members HE,05/03/2010,3,10554,894,2638.5,ERS97,True,pdf,data/raw/2010/pdfs/elect10_countwomenHE.pdf
2011|UK national|Black Members Rep,2011,UK national,Black Members Rep,Black Members Rep,Black Members Rep,04/03/2010,1,12123,2468,6061.5,ERS97,True,pdf,data/raw/2011/pdfs/elections2011_bmem_report_from_doc.pdf
2011|UK national|Disabled Members Rep,2011,UK national,Disabled Members Rep,Disabled Members Rep,Disabled Members Rep,04/03/2010,1,12826,1765,6413,ERS97,True,pdf,data/raw/2011/pdfs/elections2011_dismem_report_from_doc.pdf
2011|UK national|Higher Education South Members,2011,UK national,Higher Education South Members,Higher Education South Members,Higher Education South Members,04/03/2010,3,1957,82,489.25,ERS97,True,pdf,data/raw/2011/pdfs/elections2011_hesouth_report_from_doc.pdf
2011|UK national|UK Higher Education NEC Members,2011,UK national,UK Higher Education NEC Members,UK Higher Education NEC Members,UK Higher Education NEC Members,04/03/2010,7,9052,473,1131.5,ERS97,True,pdf,data/raw/2011/pdfs/elections2011_heuk_report_from_doc.pdf
2011|UK national|Vice President,2011,UK national,Vice President,Vice President,Vice President,04/03/2010,1,13942,649,6971,ERS97,True,pdf,data/raw/2011/pdfs/elections2011_hevp_report_from_doc.pdf
2011|UK national|LGBT Members Rep,2011,UK national,LGBT Members Rep,LGBT Members Rep,LGBT Members Rep,04/03/2010,1,12666,1925,6333,ERS97,True,pdf,data/raw/2011/pdfs/elections2011_lgbtmem_report_from_doc.pdf
2011|UK national|UCU Scotland Honorary Secretary NEC,2011,UK national,UCU Scotland Honorary Secretary NEC,UCU Scotland Honorary Secretary NEC,UCU Scotland Honorary Secretary NEC,04/03/2010,1,970,55,485,ERS97,True,pdf,data/raw/2011/pdfs/elections2011_ucushonsec_report_from_doc.pdf
2011|UK national|UCU Scotland President NEC,2011,UK national,UCU Scotland President NEC,UCU Scotland President NEC,UCU Scotland President NEC,04/03/2010,1,945,80,472.5,ERS97,True,pdf,data/raw/2011/pdfs/elections2011_ucuspres_report_from_doc.pdf
2012|UK national|London and East FE,2012,UK national,London and East FE,London and East FE,London and East FE,01/03/2012,2,860,61,= 286.67 Annie Holder ELECTED,ERS97,True,pdf,data/raw/2012/pdfs/Count_FE_London_and_East.pdf
2012|UK national|North East FE,2012,UK national,North East FE,North East FE,North East FE,01/03/2012,2,681,55,= 227.00 Vote required for election now: 226.33,ERS97,True,pdf,data/raw/2012/pdfs/Count_FE_North_East.pdf
2012|UK national|North West - Casual Vacancy,2012,UK national,North West - Casual Vacancy,North West - Casual Vacancy,North West - Casual Vacancy,01/03/2012,1,465,59,= 232.50,ERS97,True,pdf,data/raw/2012/pdfs/Count_FE_North_West.pdf
2012|UK national|NEC,2012,UK national,NEC,NEC,NEC,2,2,3525,391,503.58,Custom,True,pdf,data/raw/2012/pdfs/Count_FE_UK_elected.pdf
2012|UK national|Representatives of Women in FE,2012,UK national,Representatives of Women in FE,Representatives of Women in FE,Representatives of Women in FE,01/03/2012,2,11086,3959,= 3695.34 1179 papers non-transferable.,ERS97,True,pdf,data/raw/2012/pdfs/Count_FE_womens_reps.pdf
2012|UK national|London and East HE,2012,UK national,London and East HE,London and East HE,London and East HE,01/03/2012,2,1872,192,374.4,Custom,True,pdf,data/raw/2012/pdfs/Count_HE_London_and_East.pdf
2012|UK national|Northern Ireland HE,2012,UK national,Northern Ireland HE,Northern Ireland HE,Northern Ireland HE,01/03/2012,1,275,5,= 137.50,ERS97,True,pdf,data/raw/2012/pdfs/Count_HE_NI.pdf
2012|UK national|North East HE,2012,UK national,North East HE,North East HE,North East HE,01/03/2012,3,1386,112,346.5,ERS97,True,pdf,data/raw/2012/pdfs/Count_HE_North_East.pdf
2012|UK national|HE UK-Elected NEC,2012,UK national,HE UK-Elected NEC,HE UK-Elected NEC,HE UK-Elected NEC,01/03/2012,8,8439,1201,937.67,Custom,True,pdf,data/raw/2012/pdfs/Count_HE_UK_elected.pdf
2012|UK national|Wales VP,2012,UK national,Wales VP,Wales VP,Wales VP,01/03/2012,1,509,26,= 254.50,ERS97,True,pdf,data/raw/2012/pdfs/Count_HE_Wales.pdf
2012|UK national|Representatives of Women in HE,2012,UK national,Representatives of Women in HE,Representatives of Women in HE,Representatives of Women in HE,01/03/2012,3,12116,2929,= 3029.00,ERS97,True,pdf,data/raw/2012/pdfs/Count_HE_womens_reps.pdf
2012|UK national|Trustees,2012,UK national,Trustees,Trustees,Trustees,01/03/2012,3,13058,1987,= 3264.50 Surplus of Neil Macfarlane,ERS97,True,pdf,data/raw/2012/pdfs/Count_Trustees.pdf
2012|UK national|Vice,2012,UK national,Vice,Vice,Vice,01/03/2012,1,12605,2440,= 6302.50,ERS97,True,pdf,data/raw/2012/pdfs/Count_VP.pdf
2013|UK national|Further education members – Midlands,2013,UK national,Further education members – Midlands,Further education members – Midlands,Further education members – Midlands,04/03/2013,2,599,21,199.67,ERS97,True,pdf,data/raw/2013/pdfs/FE_Midlands_count.pdf
2013|UK national|Further education members – North West,2013,UK national,Further education members – North West,Further education members – North West,Further education members – North West,04/03/2013,2,393,43,131,ERS97,True,pdf,data/raw/2013/pdfs/FE_North_West_count.pdf
2013|UK national|UK Further Education NEC Members,2013,UK national,UK Further Education NEC Members,UK Further Education NEC Members,UK Further Education NEC Members,04/03/2013,5,3054,198,509,Custom,True,pdf,data/raw/2013/pdfs/FE_UK_count.pdf
2013|UK national|Higher education members - Midlands,2013,UK national,Higher education members - Midlands,Higher education members - Midlands,Higher education members - Midlands,04/03/2013,2,869,61,289.67,ERS97,True,pdf,data/raw/2013/pdfs/HE_Midlands_count.pdf
2013|UK national|Higher education members – North West,2013,UK national,Higher education members – North West,Higher education members – North West,Higher education members – North West,04/03/2013,2,817,40,272.34,ERS97,True,pdf,data/raw/2013/pdfs/HE_North_West_count.pdf
2013|UK national|Higher education members - South,2013,UK national,Higher education members - South,Higher education members - South,Higher education members - South,04/03/2013,3,1635,77,408.75,ERS97,True,pdf,data/raw/2013/pdfs/HE_South_count.pdf
2013|UK national|UK Higher Education Members,2013,UK national,UK Higher Education Members,UK Higher Education Members,UK Higher Education Members,04/03/2013,8,7400,504,822.23,ERS97,True,pdf,data/raw/2013/pdfs/HE_UK_count.pdf
2013|UK national|Vice president from the higher education sector,2013,UK national,Vice president from the higher education sector,Vice president from the higher education sector,Vice president from the higher education sector,04/03/2013,1,11711,846,5855.5,ERS97,True,pdf,data/raw/2013/pdfs/HE_Vice_President_count.pdf
2013|UK national|Honorary Treasurer,2013,UK national,Honorary Treasurer,Honorary Treasurer,Honorary Treasurer,04/03/2013,1,11668,889,5834,ERS97,True,pdf,data/raw/2013/pdfs/Honorary_Treasurer_count.pdf
2013|UK national|Representative of LGBT members,2013,UK national,Representative of LGBT members,Representative of LGBT members,Representative of LGBT members,04/03/2013,1,10823,1734,5411.5,ERS97,True,pdf,data/raw/2013/pdfs/Rep_LGBT_members_count.pdf
2013|UK national|Representatives of black members,2013,UK national,Representatives of black members,Representatives of black members,Representatives of black members,04/03/2013,2,10284,2273,3428,ERS97,True,pdf,data/raw/2013/pdfs/Rep_black_members_count.pdf
2013|UK national|Representative of disabled members,2013,UK national,Representative of disabled members,Representative of disabled members,Representative of disabled members,04/03/2013,1,11034,1523,5517,ERS97,True,pdf,data/raw/2013/pdfs/Rep_disabled_members_count.pdf
2013|UK national|Honorary Secretary UCU Scotland,2013,UK national,Honorary Secretary UCU Scotland,Honorary Secretary UCU Scotland,Honorary Secretary UCU Scotland,04/03/2013,1,764,44,382,ERS97,True,pdf,data/raw/2013/pdfs/Scotland_Hon_Secretary_count.pdf
2014|UK national|Further Education Members – North East,2014,UK national,Further Education Members – North East,Further Education Members – North East,Further Education Members – North East,2/28/2014,2,532,73,177.34,ERS97,True,pdf,data/raw/2014/pdfs/FE_NE_count.pdf
2014|UK national|UK Further Education Members,2014,UK national,UK Further Education Members,UK Further Education Members,UK Further Education Members,2/28/2014,3,2857,192,668,ERS97,True,pdf,data/raw/2014/pdfs/FE_UK_Count.pdf
2014|UK national|Higher Education Members – London and the East,2014,UK national,Higher Education Members – London and the East,Higher Education Members – London and the East,Higher Education Members – London and the East,2/28/2014,4,1615,74,323,ERS97,True,pdf,data/raw/2014/pdfs/HE_LE_count.pdf
2014|UK national|Higher Education Members – North East,2014,UK national,Higher Education Members – North East,Higher Education Members – North East,Higher Education Members – North East,2/28/2014,3,1255,59,313.75,ERS97,True,pdf,data/raw/2014/pdfs/HE_NE_count.pdf
2014|UK national|UK Higher Education Members,2014,UK national,UK Higher Education Members,UK Higher Education Members,UK Higher Education Members,2/28/2014,7,7333,341,916.63,Custom,True,pdf,data/raw/2014/pdfs/HE_UK_Count.pdf
2014|UK national|Vice-President from the further education sector,2014,UK national,Vice-President from the further education sector,Vice-President from the further education sector,Vice-President from the further education sector,2/28/2014,1,10316,1283,5158,ERS97,True,pdf,data/raw/2014/pdfs/VP_Count.pdf
2014|UK national|Women members’ representatives further education,2014,UK national,Women members’ representatives further education,Women members’ representatives further education,Women members’ representatives further education,2/28/2014,2,9564,2035,3188,ERS97,True,pdf,data/raw/2014/pdfs/Women_FE_Count.pdf
2014|UK national|Women members’ representatives higher education,2014,UK national,Women members’ representatives higher education,Women members’ representatives higher education,Women members’ representatives higher education,2/28/2014,3,10072,1527,2518,ERS97,True,pdf,data/raw/2014/pdfs/Women_HE_Count.pdf
2015|UK national|Casually Employed Members,2015,UK national,Casually Employed Members,Casually Employed Members,Casually Employed Members,02/02/2015,2,9586,1763,3145,Custom,True,pdf,data/raw/2015/pdfs/Casual_contracts_reps_Count_2015.pdf
2015|UK national|Midlands FE,2015,UK national,Midlands FE,Midlands FE,Midlands FE,02/02/2015,2,446,29,146.34,ERS97,True,pdf,data/raw/2015/pdfs/FE_Midlands_Count_2015.pdf
2015|UK national|North West FE,2015,UK national,North West FE,North West FE,North West FE,02/02/2015,1,401,19,200.5,ERS97,True,pdf,data/raw/2015/pdfs/FE_NW_Count_2015.pdf
2015|UK national|UK-Elected FE NEC Members,2015,UK national,UK-Elected FE NEC Members,UK-Elected FE NEC Members,UK-Elected FE NEC Members,02/02/2015,1,2604,197,1302,ERS97,True,pdf,data/raw/2015/pdfs/FE_UK-elected_Count_2015.pdf
2015|UK national|North West HE,2015,UK national,North West HE,North West HE,North West HE,02/02/2015,2,854,36,284.67,ERS97,True,pdf,data/raw/2015/pdfs/HE_NW_Count_2015.pdf
2015|UK national|President UCU Scotland,2015,UK national,President UCU Scotland,President UCU Scotland,President UCU Scotland,02/02/2015,1,834,29,417,ERS97,True,pdf,data/raw/2015/pdfs/HE_Scotland_Count_2015.pdf
2015|UK national|UK-Elected HE NEC Members,2015,UK national,UK-Elected HE NEC Members,UK-Elected HE NEC Members,UK-Elected HE NEC Members,02/02/2015,5,7223,431,1203.84,Custom,True,pdf,data/raw/2015/pdfs/HE_UK-elected_Count_2015.pdf
2015|UK national|LGBT Members,2015,UK national,LGBT Members,LGBT Members,LGBT Members,02/02/2015,1,9703,1646,4851.5,ERS97,True,pdf,data/raw/2015/pdfs/LGBT_rep_HE_Count_2015.pdf
2015|UK national|Trustees,2015,UK national,Trustees,Trustees,Trustees,02/02/2015,2,10659,690,3519,ERS97,True,pdf,data/raw/2015/pdfs/Trustees_Count_2015.pdf
2016|UK national|London and the East - FE,2016,UK national,London and the East - FE,London and the East - FE,London and the East - FE,29/02/2016,2,482,60,160.67,ERS97,True,pdf,data/raw/2016/pdfs/FE_London_East_count_sheet.pdf
2016|UK national|North East - FE,2016,UK national,North East - FE,North East - FE,North East - FE,29/02/2016,1,335,28,167.5,ERS97,True,pdf,data/raw/2016/pdfs/FE_North_East_count_sheet.pdf
2016|UK national|UK-Elected NEC-FE,2016,UK national,UK-Elected NEC-FE,UK-Elected NEC-FE,UK-Elected NEC-FE,29/02/2016,3,1932,210,483,Custom,True,pdf,data/raw/2016/pdfs/FE_UK-elected_count_sheet.pdf
2016|UK national|Representatives of Women - FE,2016,UK national,Representatives of Women - FE,Representatives of Women - FE,Representatives of Women - FE,29/02/2016,2,7412,1592,2470.67,ERS97,True,pdf,data/raw/2016/pdfs/FE_women_reps_count_sheet.pdf
2016|UK national|London and the East - HE,2016,UK national,London and the East - HE,London and the East - HE,London and the East - HE,29/02/2016,4,1276,42,255.2,Custom,True,pdf,data/raw/2016/pdfs/HE_London_East_count_sheet.pdf
2016|UK national|Northern Ireland - HE,2016,UK national,Northern Ireland - HE,Northern Ireland - HE,Northern Ireland - HE,29/02/2016,1,189,2,94.5,ERS97,True,pdf,data/raw/2016/pdfs/HE_Northern_Ireland_count_sheet.pdf
2016|UK national|UK-Elected NEC- HE,2016,UK national,UK-Elected NEC- HE,UK-Elected NEC- HE,UK-Elected NEC- HE,29/02/2016,3,5722,242,1430.5,Custom,True,pdf,data/raw/2016/pdfs/HE_UK-elected_count_sheet.pdf
2016|UK national|Representatives of Women - HE,2016,UK national,Representatives of Women - HE,Representatives of Women - HE,Representatives of Women - HE,29/02/2016,3,7979,1025,1994.75,ERS97,True,pdf,data/raw/2016/pdfs/HE_women_reps_count_sheet.pdf
2016|UK national|Vice President - FE,2016,UK national,Vice President - FE,Vice President - FE,Vice President - FE,29/02/2016,1,8121,883,4060.5,ERS97,True,pdf,data/raw/2016/pdfs/VP_FE_count_sheet.pdf
2017|UK national|UK-Elected members FE,2017,UK national,UK-Elected members FE,UK-Elected members FE,UK-Elected members FE,02/03/2017,2,2223,142,741,ERS97,True,pdf,data/raw/2017/pdfs/count_sheet_FE_UK-elected_2017.pdf
2017|UK national|UK NEC Members HE,2017,UK national,UK NEC Members HE,UK NEC Members HE,UK NEC Members HE,02/03/2017,4,9280,1024,1819.6,ERS97,True,pdf,data/raw/2017/pdfs/count_sheet_HE_UK-elected_2017.pdf
2017|UK national|Honorary Treasurer,2017,UK national,Honorary Treasurer,Honorary Treasurer,Honorary Treasurer,02/03/2017,1,12557,1323,6278.5,ERS97,True,pdf,data/raw/2017/pdfs/count_sheet_Hon_Treasurer_2017.pdf
2017|UK national|Representative of LGBT members,2017,UK national,Representative of LGBT members,Representative of LGBT members,Representative of LGBT members,02/03/2017,1,11801,2079,5900.5,ERS97,True,pdf,data/raw/2017/pdfs/count_sheet_LGBT_rep_2017.pdf
2017|UK national|FE Midlands,2017,UK national,FE Midlands,FE Midlands,FE Midlands,02/03/2017,2,399,16,133,ERS97,True,pdf,data/raw/2017/pdfs/count_sheet_Midlands_FE_2017.pdf
2017|UK national|Midlands - HE,2017,UK national,Midlands - HE,Midlands - HE,Midlands - HE,02/03/2017,2,1210,100,403.34,ERS97,True,pdf,data/raw/2017/pdfs/count_sheet_Midlands_HE_2017.pdf
2017|UK national|HE South,2017,UK national,HE South,HE South,HE South,02/03/2017,3,2115,161,523,ERS97,True,pdf,data/raw/2017/pdfs/count_sheet_South_HE_2017.pdf
2017|UK national|Trustees,2017,UK national,Trustees,Trustees,Trustees,02/03/2017,3,12281,1599,3070.25,ERS97,True,pdf,data/raw/2017/pdfs/count_sheet_Trustees_2017.pdf
2017|UK national|Vice President from the HE sector,2017,UK national,Vice President from the HE sector,Vice President from the HE sector,Vice President from the HE sector,02/03/2017,1,12750,1130,6375,ERS97,True,pdf,data/raw/2017/pdfs/count_sheet_VP_2017.pdf
2017|general secretary|Election of General Secretary,2017,general secretary,Election of General Secretary,Election of General Secretary,Election of General Secretary,01/03/2017,1,13724,156,6862,ERS97,True,pdf,data/raw/2017_gs/pdfs/GS_count_sheet_2017.pdf
2018|UK national|FE - London and the East,2018,UK national,FE - London and the East,FE - London and the East,FE - London and the East,02/03/2018,2,494,30,164.67,ERS97,True,pdf,data/raw/2018/pdfs/Count_sheet_FE_London_and_the_East.pdf
2018|UK national|FE - North East,2018,UK national,FE - North East,FE - North East,FE - North East,02/03/2018,1,395,14,197.5,ERS97,True,pdf,data/raw/2018/pdfs/Count_sheet_FE_North_East.pdf
2018|UK national|FE - North West,2018,UK national,FE - North West,FE - North West,FE - North West,02/03/2018,1,385,16,192.5,ERS97,True,pdf,data/raw/2018/pdfs/Count_sheet_FE_North_West.pdf
2018|UK national|UK-elected members FE,2018,UK national,UK-elected members FE,UK-elected members FE,UK-elected members FE,02/03/2018,3,2068,147,517,Custom,True,pdf,data/raw/2018/pdfs/Count_sheet_FE_UK-elected.pdf
2018|UK national|HE - London and the East,2018,UK national,HE - London and the East,HE - London and the East,HE - London and the East,02/03/2018,4,1490,45,298,Custom,True,pdf,data/raw/2018/pdfs/Count_sheet_HE_London_and_the_East.pdf
2018|UK national|HE - North East,2018,UK national,HE - North East,HE - North East,HE - North East,02/03/2018,3,1119,51,279.75,ERS97,True,pdf,data/raw/2018/pdfs/Count_sheet_HE_North_East.pdf
2018|UK national|HE - Northern Ireland,2018,UK national,HE - Northern Ireland,HE - Northern Ireland,HE - Northern Ireland,02/03/2018,1,163,0,81.5,ERS97,True,pdf,data/raw/2018/pdfs/Count_sheet_HE_Northern_Ireland.pdf
2018|UK national|UK-Elected member HE (casual vacancy),2018,UK national,UK-Elected member HE (casual vacancy),UK-Elected member HE (casual vacancy),UK-Elected member HE (casual vacancy),02/03/2018,1,6035,988,3017.5,ERS97,True,pdf,data/raw/2018/pdfs/Count_sheet_HE_UK-_elected_casual_vacancy.pdf
2018|UK national|UK-elected members HE,2018,UK national,UK-elected members HE,UK-elected members HE,UK-elected members HE,02/03/2018,5,6767,256,1127.84,ERS97,True,pdf,data/raw/2018/pdfs/Count_sheet_HE_UK-elected.pdf
2018|UK national|Reps of Women Members from the FE sector,2018,UK national,Reps of Women Members from the FE sector,Reps of Women Members from the FE sector,Reps of Women Members from the FE sector,02/03/2018,2,8966,1266,2988.67,ERS97,True,pdf,data/raw/2018/pdfs/Count_sheet_Reps_of_women_members_FE.pdf
2018|UK national|Rep of Members in Landbased Education,2018,UK national,Rep of Members in Landbased Education,Rep of Members in Landbased Education,Rep of Members in Landbased Education,06/02/2018,1,9160,1072,4580,ERS97,True,pdf,data/raw/2018/pdfs/Count_sheet_rep_of_members_in_landbased_education.pdf
2018|UK national|Reps of Women Members from the HE sector,2018,UK national,Reps of Women Members from the HE sector,Reps of Women Members from the HE sector,Reps of Women Members from the HE sector,02/03/2018,3,9365,867,2341.25,ERS97,True,pdf,data/raw/2018/pdfs/Count_sheets_Reps_of_women_members_HE.pdf
2018|UK national|Vice President from the FE,2018,UK national,Vice President from the FE,Vice President from the FE,Vice President from the FE,02/03/2018,1,9379,853,4689.5,ERS97,True,pdf,data/raw/2018/pdfs/count_sheet_Vice_President_FE.pdf
2019|UK national|UK-Elected NEC Members of the Further Education,2019,UK national,UK-Elected NEC Members of the Further Education,UK-Elected NEC Members of the Further Education,UK-Elected NEC Members of the Further Education,04/03/2019,2,1966,97,628,ERS97,True,pdf,data/raw/2019/pdfs/FE_UK-elected_19.pdf
2019|UK national|UK-Elected NEC Members of the Higher Education,2019,UK national,UK-Elected NEC Members of the Higher Education,UK-Elected NEC Members of the Higher Education,UK-Elected NEC Members of the Higher Education,04/03/2019,3,10286,849,2571.5,Custom,True,pdf,data/raw/2019/pdfs/HE_UK-elected_19.pdf
2019|UK national|Honorary Treasurer,2019,UK national,Honorary Treasurer,Honorary Treasurer,Honorary Treasurer,04/03/2019,1,13329,874,6664.5,ERS97,True,pdf,data/raw/2019/pdfs/Hon_Treasurer.pdf
2019|UK national|NEC Member Further Education-Midlands,2019,UK national,NEC Member Further Education-Midlands,NEC Member Further Education-Midlands,NEC Member Further Education-Midlands,04/03/2019,1,397,3,198.5,ERS97,True,pdf,data/raw/2019/pdfs/Midlands_FE_19.pdf
2019|UK national|NEC Member Higher Education-North East,2019,UK national,NEC Member Higher Education-North East,NEC Member Higher Education-North East,NEC Member Higher Education-North East,04/03/2019,1,1817,103,908.5,ERS97,True,pdf,data/raw/2019/pdfs/North_East_HE_19.pdf
2019|UK national|NEC Member Further Education-North West,2019,UK national,NEC Member Further Education-North West,NEC Member Further Education-North West,NEC Member Further Education-North West,04/03/2019,1,306,4,153,ERS97,True,pdf,data/raw/2019/pdfs/North_West_FE_19.pdf
2019|UK national|NEC Members Higher Education-North West,2019,UK national,NEC Members Higher Education-North West,NEC Members Higher Education-North West,NEC Members Higher Education-North West,04/03/2019,2,1299,64,433,ERS97,True,pdf,data/raw/2019/pdfs/North_West_HE_19.pdf
2019|UK national|Representative of Disabled Members,2019,UK national,Representative of Disabled Members,Representative of Disabled Members,Representative of Disabled Members,04/03/2019,1,12710,1493,6355,ERS97,True,pdf,data/raw/2019/pdfs/Rep_of_disabled_members.pdf
2019|UK national|Representatives of Black Members,2019,UK national,Representatives of Black Members,Representatives of Black Members,Representatives of Black Members,04/03/2019,2,12377,1826,4125.67,ERS97,True,pdf,data/raw/2019/pdfs/Reps_of_black_members.pdf
2019|UK national|UCU Scotland Honorary Secretary Higher Education,2019,UK national,UCU Scotland Honorary Secretary Higher Education,UCU Scotland Honorary Secretary Higher Education,UCU Scotland Honorary Secretary Higher Education,04/03/2019,1,1064,42,532,ERS97,True,pdf,data/raw/2019/pdfs/Scotland_Hon_Sec_19.pdf
2019|UK national|UCU Scotland President Higher Education,2019,UK national,UCU Scotland President Higher Education,UCU Scotland President Higher Education,UCU Scotland President Higher Education,04/03/2019,1,1065,41,532.5,ERS97,True,pdf,data/raw/2019/pdfs/Scotland_President_19.pdf
2019|UK national|NEC Members Higher Education-South,2019,UK national,NEC Members Higher Education-South,NEC Members Higher Education-South,NEC Members Higher Education-South,04/03/2019,4,2256,105,451.2,Custom,True,pdf,data/raw/2019/pdfs/South_HE_19.pdf
2019|UK national|Vice President from the Higher Education Sector,2019,UK national,Vice President from the Higher Education Sector,Vice President from the Higher Education Sector,Vice President from the Higher Education Sector,04/03/2019,1,13809,394,6422,ERS97,True,pdf,data/raw/2019/pdfs/Vice_President.pdf
2019-20|UK national|NEC Member FE North East,2019-20,UK national,NEC Member FE North East,NEC Member FE North East,NEC Member FE North East,04/03/2020,1,317,18,158.5,ERS97,True,pdf,data/raw/2019-20/pdfs/FE_NE.pdf
2019-20|UK national|UK-NEC Members-FE Sector,2019-20,UK national,UK-NEC Members-FE Sector,UK-NEC Members-FE Sector,UK-NEC Members-FE Sector,04/03/2020,2,1989,166,663,ERS97,True,pdf,data/raw/2019-20/pdfs/FE_UKelected.pdf
2019-20|UK national|UK-NEC Member FE Sector-Casual Vacancy,2019-20,UK national,UK-NEC Member FE Sector-Casual Vacancy,UK-NEC Member FE Sector-Casual Vacancy,UK-NEC Member FE Sector-Casual Vacancy,04/03/2020,1,2036,119,1018,ERS97,True,pdf,data/raw/2019-20/pdfs/FE_UKelected_cas_vac1.pdf
2019-20|UK national|NEC Members London and East HE,2019-20,UK national,NEC Members London and East HE,NEC Members London and East HE,NEC Members London and East HE,04/03/2020,4,2286,83,457.2,Custom,True,pdf,data/raw/2019-20/pdfs/HE_London_East.pdf
2019-20|UK national|NEC Member HE Midlands -Casual Vacancy,2019-20,UK national,NEC Member HE Midlands -Casual Vacancy,NEC Member HE Midlands -Casual Vacancy,NEC Member HE Midlands -Casual Vacancy,04/03/2020,1,1325,37,607.5,ERS97,True,pdf,data/raw/2019-20/pdfs/HE_Mids_cas_vac.pdf
2019-20|UK national|NEC Members North East HE,2019-20,UK national,NEC Members North East HE,NEC Members North East HE,NEC Members North East HE,04/03/2020,3,1663,51,403.25,ERS97,True,pdf,data/raw/2019-20/pdfs/HE_NE.pdf
2019-20|UK national|NEC Member HE-Northern Ireland,2019-20,UK national,NEC Member HE-Northern Ireland,NEC Member HE-Northern Ireland,NEC Member HE-Northern Ireland,04/03/2020,1,245,3,122.5,ERS97,True,pdf,data/raw/2019-20/pdfs/HE_NI.pdf
2019-20|UK national|NEC Member Scotland HE,2019-20,UK national,NEC Member Scotland HE,NEC Member Scotland HE,NEC Member Scotland HE,04/03/2020,1,1124,39,562,ERS97,True,pdf,data/raw/2019-20/pdfs/HE_Scotland.pdf
2019-20|UK national|UK-NEC Members-HE Sector,2019-20,UK national,UK-NEC Members-HE Sector,UK-NEC Members-HE Sector,UK-NEC Members-HE Sector,04/03/2020,5,10516,416,1731.34,ERS97,True,pdf,data/raw/2019-20/pdfs/HE_UKelected.pdf
2019-20|UK national|UK-NEC Member HE Sector- casual vacancy,2019-20,UK national,UK-NEC Member HE Sector- casual vacancy,UK-NEC Member HE Sector- casual vacancy,UK-NEC Member HE Sector- casual vacancy,04/03/2020,1,8744,2190,4372,ERS97,True,pdf,data/raw/2019-20/pdfs/HE_UKelected_cas_vac.pdf
2019-20|UK national|Northern Ireland FE,2019-20,UK national,Northern Ireland FE,Northern Ireland FE,Northern Ireland FE,,,,,,STV,False,pdf,data/raw/2019-20/pdfs/Scrutineer_report_FE.pdf
2019-20|UK national|London and the East FE,2019-20,UK national,London and the East FE,London and the East FE,London and the East FE,,,,,,STV,False,pdf,data/raw/2019-20/pdfs/Scrutineer_report_FE.pdf
2019-20|UK national|Election of Representatives of Women Members in Further Education,2019-20,UK national,Election of Representatives of Women Members in Further Education,Election of Representatives of Women Members in Further Education,Election of Representatives of Women Members in Further Education,,,,,,STV,False,pdf,data/raw/2019-20/pdfs/Scrutineer_report_national_seats.pdf
2019-20|UK national|Representatives of Migrant Workers,2019-20,UK national,Representatives of Migrant Workers,Representatives of Migrant Workers,Representatives of Migrant Workers,,,,,,STV,False,pdf,data/raw/2019-20/pdfs/Scrutineer_report_national_seats.pdf
2019-20|UK national|Trustees,2019-20,UK national,Trustees,Trustees,Trustees,04/03/2020,3,13278,857,3319.5,ERS97,True,pdf,data/raw/2019-20/pdfs/Trustees.pdf
2019-20|UK national|Vice President becoming President 2022-23,2019-20,UK national,Vice President becoming President 2022-23,Vice President becoming President 2022-23,Vice President becoming President 2022-23,04/03/2020,1,13480,655,6740,ERS97,True,pdf,data/raw/2019-20/pdfs/VP.pdf
2019-20|UK national|Wales HE,2019-20,UK national,Wales HE,Wales HE,Wales HE,,,,,,STV,False,pdf,data/raw/2019-20/pdfs/scrutineer_report_HE.pdf
2019-20|UK national|representatives of women members from the HE sector,2019-20,UK national,representatives of women members from the HE sector,representatives of women members from the HE sector,representatives of women members from the HE sector,04/03/2020,3,12907,1228,3148,ERS97,True,pdf,data/raw/2019-20/pdfs/women_reps_HE.pdf
2019-20|UK national|Representatives of women members -Further education,2019-20,UK national,Representatives of women members -Further education (2 seats),Representatives of women members -Further education,Representatives of women members -Further education,,2,,,,,False,html,
2019-20|UK national|Representatives of migrant members(to take up office from the declaration of result),2019-20,UK national,Representatives of migrant members (2 seats)(to take up office from the declaration of result),Representatives of migrant members(to take up office from the declaration of result),Representatives of migrant members(to take up office from the declaration of result),,2,,,,,False,html,
2019|general secretary|Election of General Secretary 2019,2019,general secretary,Election of General Secretary 2019,Election of General Secretary 2019,Election of General Secretary 2019,23/05/2019,1,23638,43,11467.5,ERS97,True,pdf,data/raw/2019_gs/pdfs/ucu-gselection-2019_final-count-sheet.pdf
2019|general secretary|General Secretary,2019,general secretary,General Secretary,General Secretary,General Secretary,,1,,,,STV,False,pdf,data/raw/2019_gs/pdfs/ucu-gselection-2019_scrutineers-report1.pdf
2020-21|UK national|UK-Elected NEC Members - Further Education Sector,2020-21,UK national,UK-Elected NEC Members - Further Education Sector,UK-Elected NEC Members - Further Education Sector,UK-Elected NEC Members - Further Education Sector,02/03 /2021,2,2015,94,671.67,ERS97,True,pdf,data/raw/2020-21/pdfs/FE_UK-elected_seats.pdf
2020-21|UK national|UK-Elected NEC Members - Higher Education Sector,2020-21,UK national,UK-Elected NEC Members - Higher Education Sector,UK-Elected NEC Members - Higher Education Sector,UK-Elected NEC Members - Higher Education Sector,02/03/2021,4,8046,436,1360.4,ERS97,True,pdf,data/raw/2020-21/pdfs/HE_UK-elected.pdf
2020-21|UK national|Honorary Treasurer,2020-21,UK national,Honorary Treasurer,Honorary Treasurer,Honorary Treasurer,02/03/2021,1,10750,735,5375,ERS97,True,pdf,data/raw/2020-21/pdfs/Honorary_treasurer.pdf
"2020-21|UK national|NEC Member, Further Education, Midlands",2020-21,UK national,"NEC Member, Further Education, Midlands","NEC Member, Further Education, Midlands","NEC Member, Further Education, Midlands",02/03/2021,1,382,4,191,ERS97,True,pdf,data/raw/2020-21/pdfs/Midlands_FE.pdf
"2020-21|UK national|NEC Members, Higher Education, Midlands",2020-21,UK national,"NEC Members, Higher Education, Midlands","NEC Members, Higher Education, Midlands","NEC Members, Higher Education, Midlands",02/03/2021,3,1098,43,274.5,ERS97,True,pdf,data/raw/2020-21/pdfs/Midlands_HE.pdf
"2020-21|UK national|NEC Members, Higher Education, North West",2020-21,UK national,"NEC Members, Higher Education, North West","NEC Members, Higher Education, North West","NEC Members, Higher Education, North West",02/03/2021,2,1045,49,330,ERS97,True,pdf,data/raw/2020-21/pdfs/North_West_HE.pdf
2020-21|UK national|Representative of Casually Employed Members,2020-21,UK national,Representative of Casually Employed Members,Representative of Casually Employed Members,Representative of Casually Employed Members,02/03/2021,1,9343,2142,4671.5,ERS97,True,pdf,data/raw/2020-21/pdfs/Rep_casual_members.pdf
2020-21|UK national|Representative of Disabled Members,2020-21,UK national,Representative of Disabled Members,Representative of Disabled Members,Representative of Disabled Members,02/03/2021,1,10406,1079,5203,ERS97,True,pdf,data/raw/2020-21/pdfs/Rep_disabled_members.pdf
"2020-21|UK national|NEC Member Scotland, HE – UCU Scotland Honorary Secretary",2020-21,UK national,"NEC Member Scotland, HE – UCU Scotland Honorary Secretary","NEC Member Scotland, HE – UCU Scotland Honorary Secretary","NEC Member Scotland, HE – UCU Scotland Honorary Secretary",02/03/2021,1,856,48,407,ERS97,True,pdf,data/raw/2020-21/pdfs/Scotland_Hon_Sec_HE.pdf
"2020-21|UK national|NEC Member Scotland, HE – UCU Scotland President",2020-21,UK national,"NEC Member Scotland, HE – UCU Scotland President","NEC Member Scotland, HE – UCU Scotland President","NEC Member Scotland, HE – UCU Scotland President",02/03/2021,1,855,49,427.5,ERS97,True,pdf,data/raw/2020-21/pdfs/Scotland_President.pdf
2020-21|UK national|North West FE,2020-21,UK national,North West FE,North West FE,North West FE,,,,,,STV,False,pdf,data/raw/2020-21/pdfs/Scrutineer_report_FE.pdf
2020-21|UK national|Wales FE (and Vice-President of UCU Wales),2020-21,UK national,Wales FE (and Vice-President of UCU Wales),Wales FE (and Vice-President of UCU Wales),Wales FE (and Vice-President of UCU Wales),,,,,,STV,False,pdf,data/raw/2020-21/pdfs/Scrutineer_report_FE.pdf
2020-21|UK national|Representatives of LBGT+ Members,2020-21,UK national,Representatives of LBGT+ Members,Representatives of LBGT+ Members,Representatives of LBGT+ Members,,2,10299,1186,,STV,False,pdf,data/raw/2020-21/pdfs/Scrutineer_report_national.pdf
2020-21|UK national|Representatives of Black Members,2020-21,UK national,Representatives of Black Members,Representatives of Black Members,Representatives of Black Members,,2,,,,STV,False,pdf,data/raw/2020-21/pdfs/Scrutineer_report_national.pdf
2020-21|UK national|Representative of Migrant Members,2020-21,UK national,Representative of Migrant Members,Representative of Migrant Members,Representative of Migrant Members,,,,,,STV,False,pdf,data/raw/2020-21/pdfs/Scrutineer_report_national.pdf
2020-21|UK national|Representative of Members in Prison Education,2020-21,UK national,Representative of Members in Prison Education,Representative of Members in Prison Education,Representative of Members in Prison Education,,,,,,STV,False,pdf,data/raw/2020-21/pdfs/Scrutineer_report_national.pdf
2020-21|UK national|Representative of Members in Land Based Education,2020-21,UK national,Representative of Members in Land Based Education,Representative of Members in Land Based Education,Representative of Members in Land Based Education,,,,,,STV,False,pdf,data/raw/2020-21/pdfs/Scrutineer_report_national.pdf
"2020-21|UK national|NEC Member, Further Education, South",2020-21,UK national,"NEC Member, Further Education, South","NEC Member, Further Education, South","NEC Member, Further Education, South",02/03/2021,2,384,6,128,ERS97,True,pdf,data/raw/2020-21/pdfs/South_FE.pdf
"2020-21|UK national|NEC Members, South, Higher Education",2020-21,UK national,"NEC Members, South, Higher Education","NEC Members, South, Higher Education","NEC Members, South, Higher Education",02/03/2021,4,1802,51,360.4,ERS97,True,pdf,data/raw/2020-21/pdfs/South_HE.pdf
2020-21|UK national|Representative of members in land-based education (1 seat - unfilled),2020-21,UK national,Representative of members in land-based education (1 seat - unfilled),Representative of members in land-based education (1 seat - unfilled),Representative of members in land-based education (1 seat - unfilled),,,,,,,False,html,
"2021-22|UK national|UK-Elected NEC Members, Further Education",2021-22,UK national,"UK-Elected NEC Members, Further Education","UK-Elected NEC Members, Further Education","UK-Elected NEC Members, Further Education",01/03/2022,2,1454,80,484.67,ERS97,True,pdf,data/raw/2021-22/pdfs/FE_UK_result_sheet.pdf
"2021-22|UK national|UK-Elected NEC Members, Higher Education",2021-22,UK national,"UK-Elected NEC Members, Higher Education","UK-Elected NEC Members, Higher Education","UK-Elected NEC Members, Higher Education",01/03/2022,5,6849,317,1102.17,Custom,True,pdf,data/raw/2021-22/pdfs/HE_UK_result_sheet.pdf
"2021-22|UK national|NEC Members, London and the East, higher education",2021-22,UK national,"NEC Members, London and the East, higher education","NEC Members, London and the East, higher education","NEC Members, London and the East, higher education",01/03/2022,5,1720,75,286.67,ERS97,True,pdf,data/raw/2021-22/pdfs/LondonEast_result_sheet.pdf
2021-22|UK national|Representative of migrant members (casual vacancy),2021-22,UK national,Representative of migrant members (casual vacancy),Representative of migrant members (casual vacancy),Representative of migrant members (casual vacancy),01/03/2022,1,8560,1007,3808,ERS97,True,pdf,data/raw/2021-22/pdfs/Migrant_members_result_sheet.pdf
"2021-22|UK national|NEC Members, North East, higher education",2021-22,UK national,"NEC Members, North East, higher education","NEC Members, North East, higher education","NEC Members, North East, higher education",01/03/2022,3,1047,44,258.75,ERS97,True,pdf,data/raw/2021-22/pdfs/NorthEastresult_sheet.pdf
2021-22|UK national|Trustees,2021-22,UK national,Trustees,Trustees,Trustees,01/03/2022,2,9005,562,2990.67,ERS97,True,pdf,data/raw/2021-22/pdfs/Trustees_result_sheet.pdf
2021-22|UK national|Vice President (becoming President in 2024-2025),2021-22,UK national,Vice President (becoming President in 2024-2025),Vice President (becoming President in 2024-2025),Vice President (becoming President in 2024-2025),01/03/2022,1,9077,490,4267.5,ERS97,True,pdf,data/raw/2021-22/pdfs/Vice_president_result_sheet.pdf
"2021-22|UK national|Representatives of women members, higher education",2021-22,UK national,"Representatives of women members, higher education","Representatives of women members, higher education","Representatives of women members, higher education",01/03/2022,3,7665,1902,1916.25,ERS97,True,pdf,data/raw/2021-22/pdfs/Women_HE_result_sheet.pdf
2021-22|UK national|Northern Ireland HE,2021-22,UK national,Northern Ireland HE (1 seat),Northern Ireland HE,Northern Ireland HE,,1,,,,,False,html,
2021-22|UK national|Northern Ireland FE,2021-22,UK national,Northern Ireland FE (1 seat),Northern Ireland FE,Northern Ireland FE,,1,,,,,False,html,
2021-22|UK national|Wales HE,2021-22,UK national,Wales HE (1 seat),Wales HE,Wales HE,,1,,,,,False,html,
2021-22|UK national|North East FE,2021-22,UK national,North East FE (1 seat),North East FE,North East FE,,1,,,,,False,html,
2021-22|UK national|London and the East FE,2021-22,UK national,London and the East FE (2 seats),London and the East FE,London and the East FE,,2,,,,,False,html,
2021-22|UK national|Further education,2021-22,UK national,Further education (2 seats),Further education,Further education,,2,,,,,False,html,
2021-22|UK national|Casual vacancy: representative of disabled members,2021-22,UK national,Casual vacancy: representative of disabled members (1 seat),Casual vacancy: representative of disabled members,Casual vacancy: representative of disabled members,,1,,,,,False,html,
2021-22|UK national|Casual vacancy: representative of land-based members,2021-22,UK national,Casual vacancy: representative of land-based members (1 seat),Casual vacancy: representative of land-based members,Casual vacancy: representative of land-based members,,1,,,,,False,html,
2021|casual vacancy|UK-Elected NEC Member Further Education Sector (Casual Vacancy),2021,casual vacancy,UK-Elected NEC Member Further Education Sector (Casual Vacancy),UK-Elected NEC Member Further Education Sector (Casual Vacancy),UK-Elected NEC Member Further Education Sector (Casual Vacancy),,1,1918,9,,STV,False,pdf,data/raw/2021_cv/pdfs/Scrutineer_report_CV_FE_UKelected2021.pdf
2023|UK national|representatives of black members,2023,UK national,representatives of black members,representatives of black members,representatives of black members,01/03/2023,2,11189,1641,3680.67,ERS97,True,pdf,data/raw/2023/pdfs/BMreps.pdf
2023|UK national|representative of casually-employed members,2023,UK national,representative of casually-employed members,representative of casually-employed members,representative of casually-employed members,01/03/2023,1,11219,1611,5208.5,ERS97,True,pdf,data/raw/2023/pdfs/CMsrep.pdf
2023|UK national|representative of disabled members,2023,UK national,representative of disabled members,representative of disabled members,representative of disabled members,01/03/2023,1,10824,2006,5412,ERS97,True,pdf,data/raw/2023/pdfs/DMs_rep.pdf
"2023|UK national|NEC members, North West, further education",2023,UK national,"NEC members, North West, further education","NEC members, North West, further education","NEC members, North West, further education",01/03/2023,1,236,6,118,ERS97,True,pdf,data/raw/2023/pdfs/FE_NW.pdf
"2023|UK national|NEC members, South, further education",2023,UK national,"NEC members, South, further education","NEC members, South, further education","NEC members, South, further education",01/03/2023,1,282,13,141,ERS97,True,pdf,data/raw/2023/pdfs/FE_South.pdf
"2023|UK national|UK-elected NEC members, further education",2023,UK national,"UK-elected NEC members, further education","UK-elected NEC members, further education","UK-elected NEC members, further education",01/03/2023,2,1478,94,492.67,ERS97,True,pdf,data/raw/2023/pdfs/FE_UK-elected.pdf
"2023|UK national|NEC members, Midlands, higher education",2023,UK national,"NEC members, Midlands, higher education","NEC members, Midlands, higher education","NEC members, Midlands, higher education",01/03/2023,3,1333,50,333.25,ERS97,True,pdf,data/raw/2023/pdfs/HE_Midlands.pdf
"2023|UK national|NEC members, North West, higher education",2023,UK national,"NEC members, North West, higher education","NEC members, North West, higher education","NEC members, North West, higher education",01/03/2023,2,1087,30,362.34,ERS97,True,pdf,data/raw/2023/pdfs/HE_NW.pdf
"2023|UK national|NEC members, South, higher education",2023,UK national,"NEC members, South, higher education","NEC members, South, higher education","NEC members, South, higher education",01/03/2023,4,2155,63,431,ERS97,True,pdf,data/raw/2023/pdfs/HE_South.pdf
"2023|UK national|UK-elected NEC members, higher education",2023,UK national,"UK-elected NEC members, higher education","UK-elected NEC members, higher education","UK-elected NEC members, higher education",01/03/2023,4,9850,615,1951.4,ERS97,True,pdf,data/raw/2023/pdfs/HE_UK-elected.pdf
2023|UK national|Honorary Treasurer,2023,UK national,Honorary Treasurer,Honorary Treasurer,Honorary Treasurer,01/03/2023,1,12307,523,5898,ERS97,True,pdf,data/raw/2023/pdfs/Hon_Treasurer.pdf
2023|UK national|representative of LGBT+ members,2023,UK national,representative of LGBT+ members,representative of LGBT+ members,representative of LGBT+ members,01/03/2023,1,11418,1412,5709,ERS97,True,pdf,data/raw/2023/pdfs/LGBT__reps.pdf
2023|UK national|representatives of migrant members,2023,UK national,representatives of migrant members,representatives of migrant members,representatives of migrant members,01/03/2023,2,11328,1502,3776,ERS97,True,pdf,data/raw/2023/pdfs/Migrant_Members_reps.pdf
2023|UK national|Midlands,2023,UK national,Midlands,Midlands,Midlands,,,,,,STV,False,pdf,data/raw/2023/pdfs/SR_FE_seats.pdf
2023|UK national|Wales (and Vice-President UCU Wales),2023,UK national,Wales (and Vice-President UCU Wales),Wales (and Vice-President UCU Wales),Wales (and Vice-President UCU Wales),,,,,,STV,False,pdf,data/raw/2023/pdfs/SR_FE_seats.pdf
2023|UK national|Vice President,2023,UK national,Vice President,Vice President,Vice President,01/03/2023,1,12308,522,6154,ERS97,True,pdf,data/raw/2023/pdfs/Vice_President.pdf
2023|UK national|Representatives of Casually Employed Members,2023,UK national,Representatives of Casually Employed Members,Representatives of Casually Employed Members,Representatives of Casually Employed Members,,2,11623,1207,,STV,False,pdf,data/raw/2023/pdfs/SR_national_seats.pdf
2023|UK national|Representative of Members in Prison Education,2023,UK national,Representative of Members in Prison Education,Representative of Members in Prison Education,Representative of Members in Prison Education,,,,,,STV,False,pdf,data/raw/2023/pdfs/SR_national_seats.pdf
2023|UK national|UCU Scotland Honorary Secretary,2023,UK national,UCU Scotland Honorary Secretary,UCU Scotland Honorary Secretary,UCU Scotland Honorary Secretary,01/03/2023,1,1097,92,548.5,ERS97,True,pdf,data/raw/2023/pdfs/UCU_Scotland_Honorary_Secretary.pdf
2023|UK national|UCU Scotland President,2023,UK national,UCU Scotland President,UCU Scotland President,UCU Scotland President,01/03/2023,1,1145,44,547,ERS97,True,pdf,data/raw/2023/pdfs/UCU_Scotland_President.pdf
2023|UK national|Representative of members in land-based education (1 seat - unfilled),2023,UK national,Representative of members in land-based education (1 seat - unfilled),Representative of members in land-based education (1 seat - unfilled),Representative of members in land-based education (1 seat - unfilled),,,,,,,False,html,
2023-24|UK national|General Secretary,2023-24,UK national,General Secretary,General Secretary,General Secretary,01/03/2024,1,17131,148,7667,ERS97,True,pdf,data/raw/2023-24/pdfs/GS_result_sheet.pdf
"2023-24|UK national|NEC Members, London & the East, Further Education",2023-24,UK national,"NEC Members, London & the East, Further Education","NEC Members, London & the East, Further Education","NEC Members, London & the East, Further Education",01/03/2024,2,589,57,196.34,ERS97,True,pdf,data/raw/2023-24/pdfs/London_and_the_East_FE_result_sheet.pdf
"2023-24|UK national|NEC Members, London and the East, Higher Education",2023-24,UK national,"NEC Members, London and the East, Higher Education","NEC Members, London and the East, Higher Education","NEC Members, London and the East, Higher Education",01/03/2024,5,2916,456,486,ERS97,True,pdf,data/raw/2023-24/pdfs/London_and_the_East_HE_result_sheet.pdf
"2023-24|UK national|NEC Member, North East, Further Education",2023-24,UK national,"NEC Member, North East, Further Education","NEC Member, North East, Further Education","NEC Member, North East, Further Education",01/03/2024,1,292,10,146,ERS97,True,pdf,data/raw/2023-24/pdfs/North_East_FE_result_sheet.pdf
"2023-24|UK national|NEC Members, North East, Higher Education",2023-24,UK national,"NEC Members, North East, Higher Education","NEC Members, North East, Higher Education","NEC Members, North East, Higher Education",01/03/2024,3,2115,212,528.75,ERS97,True,pdf,data/raw/2023-24/pdfs/North_East_HE_result_sheet.pdf
2023-24|UK national|Trustees,2023-24,UK national,Trustees,Trustees,Trustees,01/03/2024,1,15460,1819,7730,ERS97,True,pdf,data/raw/2023-24/pdfs/Trustee_result_sheet.pdf
2023-24|UK national|Northern Ireland,2023-24,UK national,Northern Ireland,Northern Ireland,Northern Ireland,,,,,,STV,False,pdf,data/raw/2023-24/pdfs/UCU_2024_FE_elections_report.pdf
2023-24|UK national|Vice-President,2023-24,UK national,Vice-President,Vice-President,Vice-President,,1,15677,1602,,STV,False,pdf,data/raw/2023-24/pdfs/UCU_2024_elections_report_-_trustee__VP_and_representatives_of_women_members.pdf
2023-24|UK national|Representative of Members in Land Based Education,2023-24,UK national,Representative of Members in Land Based Education,Representative of Members in Land Based Education,Representative of Members in Land Based Education,,,,,,STV,False,pdf,data/raw/2023-24/pdfs/UCU_2024_elections_report_-_trustee__VP_and_representatives_of_women_members.pdf
"2023-24|UK national|UK Elected NEC Members, Further Education",2023-24,UK national,"UK Elected NEC Members, Further Education","UK Elected NEC Members, Further Education","UK Elected NEC Members, Further Education",01/03/2024,3,2099,181,524.75,ERS97,True,pdf,data/raw/2023-24/pdfs/UK_FE_result_sheet.pdf
"2023-24|UK national|NEC Member, Wales, Higher Education",2023-24,UK national,"NEC Member, Wales, Higher Education","NEC Member, Wales, Higher Education","NEC Member, Wales, Higher Education",01/03/2024,1,621,36,310.5,ERS97,True,pdf,data/raw/2023-24/pdfs/Wales_HE_result_sheet.pdf
2023-24|UK national|Women Members from the Further Education Sector,2023-24,UK national,Women Members from the Further Education Sector,Women Members from the Further Education Sector,Women Members from the Further Education Sector,01/03/2024,2,12952,4327,4317.34,ERS97,True,pdf,data/raw/2023-24/pdfs/Women_members_FE_result_sheet.pdf
2023-24|UK national|Women Members from the Higher Education Sector,2023-24,UK national,Women Members from the Higher Education Sector,Women Members from the Higher Education Sector,Women Members from the Higher Education Sector,01/03/2024,3,12856,4423,3214,ERS97,True,pdf,data/raw/2023-24/pdfs/Women_members_HE_result_sheet.pdf
2023|Scotland|UCU Scotland executive committee members,2023,Scotland,UCU Scotland executive committee members,UCU Scotland executive committee members,UCU Scotland executive committee members,01/03/2023,2,1125,64,375,ERS97,True,pdf,data/raw/2023_scotland/pdfs/UCU_Scotland_Executive_Committee_Members.pdf
2023|Scotland|UCU Scotland Honorary Treasurer,2023,Scotland,UCU Scotland Honorary Treasurer,UCU Scotland Honorary Treasurer,UCU Scotland Honorary Treasurer,01/03/2023,1,1123,66,561.5,ERS97,True,pdf,data/raw/2023_scotland/pdfs/UCU_Scotland_Honorary_Treasurer.pdf
2023|UK national|Equality officer,2023,UK national,Equality officer,Equality officer,Equality officer,,,,,,,False,html,
2023|UK national|Executive committee member who is a Black* member,2023,UK national,Executive committee member who is a Black* member,Executive committee member who is a Black* member,Executive committee member who is a Black* member,,,,,,,False,html,
2024-25|UK national|Representatives of Black Members,2024-25,UK national,Representatives of Black Members,Representatives of Black Members,Representatives of Black Members,04/03/2025,2,8244,1309,2748,ERS97,True,pdf,data/raw/2024-25/pdfs/2025_Black_mem_results.pdf
2024-25|UK national|Representatives of Disabled Members,2024-25,UK national,Representatives of Disabled Members,Representatives of Disabled Members,Representatives of Disabled Members,04/03/2025,1,8658,895,4329,ERS97,True,pdf,data/raw/2024-25/pdfs/2025_Disabled_rep_results.pdf
2024-25|UK national|Honorary Treasurer,2024-25,UK national,Honorary Treasurer,Honorary Treasurer,Honorary Treasurer,04/03/2025,1,9178,375,4589,ERS97,True,pdf,data/raw/2024-25/pdfs/2025_Honorary_Treasurer_results.pdf
2024-25|UK national|Representatives of LGBT+ Members,2024-25,UK national,Representatives of LGBT+ Members,Representatives of LGBT+ Members,Representatives of LGBT+ Members,04/03/2025,1,8373,"1,180",4186.5,ERS97,True,pdf,data/raw/2024-25/pdfs/2025_LGBT__rep_results.pdf
"2024-25|UK national|NEC Member, Midlands, Further Education",2024-25,UK national,"NEC Member, Midlands, Further Education","NEC Member, Midlands, Further Education","NEC Member, Midlands, Further Education",04/03/2025,1,206,4,103,ERS97,True,pdf,data/raw/2024-25/pdfs/2025_Midlands_FE_results.pdf
"2024-25|UK national|NEC Member, North West, Further Education",2024-25,UK national,"NEC Member, North West, Further Education","NEC Member, North West, Further Education","NEC Member, North West, Further Education",04/03/2025,1,188,9,94,ERS97,True,pdf,data/raw/2024-25/pdfs/2025_North_West_FE_results.pdf
"2024-25|UK national|NEC Members, North West, Higher Education",2024-25,UK national,"NEC Members, North West, Higher Education","NEC Members, North West, Higher Education","NEC Members, North West, Higher Education",04/03/2025,2,695,32,231.67,ERS97,True,pdf,data/raw/2024-25/pdfs/2025_North_West_HE_results.pdf
2024-25|UK national|UCU Scotland Honorary Secretary,2024-25,UK national,UCU Scotland Honorary Secretary,UCU Scotland Honorary Secretary,UCU Scotland Honorary Secretary,04/03/2025,1,845,23,422.5,ERS97,True,pdf,data/raw/2024-25/pdfs/2025_Scotland_Hon_Sec_results.pdf
2024-25|UK national|UCU Scotland President,2024-25,UK national,UCU Scotland President,UCU Scotland President,UCU Scotland President,04/03/2025,1,846,22,423,ERS97,True,pdf,data/raw/2024-25/pdfs/2025_Scotland_President_results.pdf
"2024-25|UK national|NEC Member, South, Further Education",2024-25,UK national,"NEC Member, South, Further Education","NEC Member, South, Further Education","NEC Member, South, Further Education",04/03/2025,1,281,8,140.5,ERS97,True,pdf,data/raw/2024-25/pdfs/2025_South_FE_results.pdf
"2024-25|UK national|NEC Members, South, Higher Education",2024-25,UK national,"NEC Members, South, Higher Education","NEC Members, South, Higher Education","NEC Members, South, Higher Education",04/03/2025,4,1483,51,296.6,ERS97,True,pdf,data/raw/2024-25/pdfs/2025_South_HE_results.pdf
2024-25|UK national|Trustees,2024-25,UK national,Trustees,Trustees,Trustees,04/03/2025,3,9063,490,2239.5,ERS97,True,pdf,data/raw/2024-25/pdfs/2025_Trustee_results.pdf
"2024-25|UK national|UK Elected NEC Members, Further Education",2024-25,UK national,"UK Elected NEC Members, Further Education","UK Elected NEC Members, Further Education","UK Elected NEC Members, Further Education",04/03/2025,2,1318,86,405.34,ERS97,True,pdf,data/raw/2024-25/pdfs/2025_UK_FE_results.pdf
"2024-25|UK national|UK Elected NEC Members, Higher Education",2024-25,UK national,"UK Elected NEC Members, Higher Education","UK Elected NEC Members, Higher Education","UK Elected NEC Members, Higher Education",04/03/2025,3,6950,451,1737.5,ERS97,True,pdf,data/raw/2024-25/pdfs/2025_UK_HE_results.pdf
2024-25|UK national|Vice President (becoming President in 2027-28),2024-25,UK national,Vice President (becoming President in 2027-28),Vice President (becoming President in 2027-28),Vice President (becoming President in 2027-28),04/03/2025,1,9237,316,4618.5,ERS97,True,pdf,data/raw/2024-25/pdfs/2025_Vice_President_results.pdf
2024-25|UK national|Representatives of Casually Employed Members,2024-25,UK national,Representatives of Casually Employed Members,Representatives of Casually Employed Members,Representatives of Casually Employed Members,04/03/2025,1,8464,1089,4232,ERS97,True,pdf,data/raw/2024-25/pdfs/2025_casual_emp._rep_results.pdf
2024-25|UK national|Representatives of Migrant Members,2024-25,UK national,Representatives of Migrant Members,Representatives of Migrant Members,Representatives of Migrant Members,04/03/2025,1,8492,1061,3990,ERS97,True,pdf,data/raw/2024-25/pdfs/2025_migrant_rep_results.pdf
2024-25|UK national|Representative of Members in Land Based Education,2024-25,UK national,Representative of Members in Land Based Education,Representative of Members in Land Based Education,Representative of Members in Land Based Education,,,,,,STV,False,pdf,data/raw/2024-25/pdfs/V0033_1_030325_ROV_UCU_Trustee__Officer_and_NEC_Elections_2025_-_ROV_1.pdf
2024-25|UK national|Representative of Members in Prison Education,2024-25,UK national,Representative of Members in Prison Education,Representative of Members in Prison Education,Representative of Members in Prison Education,,,,,,STV,False,pdf,data/raw/2024-25/pdfs/V0033_1_030325_ROV_UCU_Trustee__Officer_and_NEC_Elections_2025_-_ROV_1.pdf
2024-25|UK national|Midlands,2024-25,UK national,Midlands,Midlands,Midlands,,,,,,STV,False,pdf,data/raw/2024-25/pdfs/V0033_1_030325_ROV_UCU_Trustee__Officer_and_NEC_Elections_2025_-_ROV_2_-_HE.pdf
2024-25|UK national|Wales (and Vice-President UCU Wales),2024-25,UK national,Wales (and Vice-President UCU Wales),Wales (and Vice-President UCU Wales),Wales (and Vice-President UCU Wales),,,,,,STV,False,pdf,data/raw/2024-25/pdfs/V0033_1_030325_ROV_UCU_Trustee__Officer_and_NEC_Elections_2025_-_ROV_3_-_FE.pdf
2024-25|UK national|Midlands HE,2024-25,UK national,Midlands HE (3 seats),Midlands HE,Midlands HE,,3,,,,,False,html,
2024-25|UK national|Wales FE,2024-25,UK national,Wales FE (1 seat),Wales FE,Wales FE,,1,,,,,False,html,
2024-25|UK national|UCU Scotland Vice President,2024-25,UK national,UCU Scotland Vice President,UCU Scotland Vice President,UCU Scotland Vice President,,,,,,,False,html,
2024-25|UK national|Equality Officer,2024-25,UK national,Equality Officer,Equality Officer,Equality Officer,,,,,,,False,html,
2024-25|UK national|Green Officer,2024-25,UK national,Green Officer,Green Officer,Green Officer,,,,,,,False,html,
2024-25|UK national|Executive Committee members,2024-25,UK national,Executive Committee members (3 seats),Executive Committee members,Executive Committee members,,3,,,,,False,html,
2025-26|UK national|Northern Ireland,2025-26,UK national,Northern Ireland,Northern Ireland,Northern Ireland,,,,,,STV,False,pdf,data/raw/2025-26/pdfs/Further_education_seats.pdf
2025-26|UK national|North East,2025-26,UK national,North East,North East,North East,,,,,,STV,False,pdf,data/raw/2025-26/pdfs/Further_education_seats.pdf
2025-26|UK national|Wales,2025-26,UK national,Wales,Wales,Wales,,,,,,STV,False,pdf,data/raw/2025-26/pdfs/Higher_education_seats.pdf
2025-26|UK national|Vice-President from the further education sector,2025-26,UK national,Vice-President from the further education sector,Vice-President from the further education sector,Vice-President from the further education sector,03/03/2026,1,8841,803,4420.5,ERS97,True,pdf,data/raw/2025-26/pdfs/Results-_Vice-President.pdf
"2025-26|UK national|NEC Members, London and the East, further education",2025-26,UK national,"NEC Members, London and the East, further education","NEC Members, London and the East, further education","NEC Members, London and the East, further education",03/03/2026,2,503,43,166.67,ERS97,True,pdf,data/raw/2025-26/pdfs/Results_FE_London_and_the_East.pdf
"2025-26|UK national|NEC Member(casual vacancy) North West, further education",2025-26,UK national,"NEC Member(casual vacancy) North West, further education","NEC Member(casual vacancy) North West, further education","NEC Member(casual vacancy) North West, further education",03/03/2026,1,224,7,112,ERS97,True,pdf,data/raw/2025-26/pdfs/Results_FE_NW_casual_vacancy.pdf
"2025-26|UK national|UK Elected Members, Further Education",2025-26,UK national,"UK Elected Members, Further Education","UK Elected Members, Further Education","UK Elected Members, Further Education",03/03/2026,3,1449,126,358.25,ERS97,True,pdf,data/raw/2025-26/pdfs/Results_FE_UK_elected.pdf
"2025-26|UK national|NEC Members, London & the East, Higher Education",2025-26,UK national,"NEC Members, London & the East, Higher Education","NEC Members, London & the East, Higher Education","NEC Members, London & the East, Higher Education",03/03/2026,5,1762,70,293.67,ERS97,True,pdf,data/raw/2025-26/pdfs/Results_HE_London_and_East.pdf
"2025-26|UK national|NEC Members, North East, higher education",2025-26,UK national,"NEC Members, North East, higher education","NEC Members, North East, higher education","NEC Members, North East, higher education",03/03/2026,3,1068,69,267,ERS97,True,pdf,data/raw/2025-26/pdfs/Results_HE_North_East.pdf
"2025-26|UK national|UK Elected Members, Higher Education",2025-26,UK national,"UK Elected Members, Higher Education","UK Elected Members, Higher Education","UK Elected Members, Higher Education",03/03/2026,5,6938,387,1156.34,ERS97,True,pdf,data/raw/2025-26/pdfs/Results_HE_UK_elected.pdf
2025-26|UK national|Vice-President (Casual Vacancy),2025-26,UK national,Vice-President (Casual Vacancy),Vice-President (Casual Vacancy),Vice-President (Casual Vacancy),03/03/2026,1,9351,293,4523.5,ERS97,True,pdf,data/raw/2025-26/pdfs/Results_Vice-President_casual_vacancy.pdf
2025-26|UK national|Representative of women members from the further education sector,2025-26,UK national,Representative of women members from the further education sector,Representative of women members from the further education sector,Representative of women members from the further education sector,03/03/2026,2,7888,1756,2590.67,ERS97,True,pdf,data/raw/2025-26/pdfs/Results_women_FE.pdf
2025-26|UK national|Rep. of Women Members from the Higher Ed. Sector,2025-26,UK national,Rep. of Women Members from the Higher Ed. Sector,Rep. of Women Members from the Higher Ed. Sector,Rep. of Women Members from the Higher Ed. Sector,03/03/2026,3,8041,1603,2010.25,ERS97,True,pdf,data/raw/2025-26/pdfs/Results_women_HE.pdf
2025-26|UK national|Wales HE,2025-26,UK national,Wales HE (1 seat),Wales HE,Wales HE,,1,,,,,False,html,
2025|casual vacancy|Higher Education (North East),2025,casual vacancy,Higher Education (North East),Higher Education (North East),Higher Education (North East),,1,1501,,,STV,False,pdf,data/raw/2025_cv/pdfs/Result_sheet_-_2025_casual_vacancies.pdf
2025|casual vacancy|UK-Elected Higher Education,2025,casual vacancy,UK-Elected Higher Education,UK-Elected Higher Education,UK-Elected Higher Education,,1,9391,,,STV,False,pdf,data/raw/2025_cv/pdfs/Result_sheet_-_2025_casual_vacancies.pdf
