year,name_canonical,position,sector,role_type,elected_year
2007,Sean Vernell,"NEC Members, London and the East, FE",FE,regional,2007
2007,Sheila Deare,"NEC Members, London and the East, FE",FE,regional,2007
2007,Jane Hardy,"NEC Members, London and the East, HE",HE,regional,2007
2007,Jill Jones,"NEC Members, London and the East, HE",HE,regional,2007
2007,Simon Renton,"NEC Members, London and the East, HE",HE,regional,2007
2007,Caroline Gray,"NEC Members, Midlands, FE",FE,regional,2007
2007,James Eaden,"NEC Members, Midlands, FE",FE,regional,2007
2007,Anne-marie Greene,"NEC Members, Midlands, HE",HE,regional,2007
2007,Neil Williamson,"NEC Members, Midlands, HE",HE,regional,2007
2007,Howard Miles,"NEC Members, North East, FE",FE,regional,2007
2007,Jon Bryan,"NEC Members, North East, FE",FE,regional,2007
2007,Elizabeth Lawrence,"NEC Members, North East, HE",HE,regional,2007
2007,Gavin Reid,"NEC Members, North East, HE",HE,regional,2007
2007,Jeff Fowler,"NEC Members, North East, HE",HE,regional,2007
2007,Karen Evans,"NEC Members, North West, FE",FE,regional,2007
2007,Roger Brooks,"NEC Members, North West, FE",FE,regional,2007
2007,Margaret George,"NEC Members, South, FE",FE,regional,2007
2007,Stephen Reid,"NEC Members, South, FE",FE,regional,2007
2007,Bevis Miller,"NEC Members, South, HE",HE,regional,2007
2007,Jim Guild,"NEC Members, South, HE",HE,regional,2007
2007,Tom Hickey,"NEC Members, South, HE",HE,regional,2007
2007,Alliya Stennett,"UK NEC Members, FE",FE,uk_nec,2007
2007,Bernice Waugh,"UK NEC Members, FE",FE,uk_nec,2007
2007,Brian Ingham,"UK NEC Members, FE",FE,uk_nec,2007
2007,Helen Bowler,"UK NEC Members, FE",FE,uk_nec,2007
2007,Jim Thakoordin,"UK NEC Members, FE",FE,uk_nec,2007
2007,John Muirhead,"UK NEC Members, FE",FE,uk_nec,2007
2007,Kathy Taylor,"UK NEC Members, FE",FE,uk_nec,2007
2007,Keith Mallinson,"UK NEC Members, FE",FE,uk_nec,2007
2007,Lynne Chamberlain,"UK NEC Members, FE",FE,uk_nec,2007
2007,Sam Allen,"UK NEC Members, FE",FE,uk_nec,2007
2007,Alastair Hunter,President-elect,HE,vp_chain,2007
2007,Sasha Callaghan,President-elect,FE,vp_chain,2007
2007,Maire Daley,"Representatives of Women Members, FE",FE,women,2007
2007,Pat Roche,"Representatives of Women Members, FE",FE,women,2007
2007,Jean Harrison,"Representatives of Women Members, HE",HE,women,2007
2007,Mary Davis,"Representatives of Women Members, HE",HE,women,2007
2007,Susan Birch,"Representatives of Women Members, HE",HE,women,2007
2008,Alastair Hunter,President,HE,vp_chain,2007
2008,Sasha Callaghan,President,FE,vp_chain,2007
2009,John Dobson,"NEC Members, North West, HE",HE,regional,2009
2009,Karen Evans,"NEC Members, North West, HE",HE,regional,2009
2009,Jim Guild,"NEC Members, South, HE",HE,regional,2009
2009,Lesley Kane,"NEC Members, South, HE",HE,regional,2009
2009,Tom Hickey,"NEC Members, South, HE",HE,regional,2009
2009,Angela Shann,"UK NEC Members, HE",HE,uk_nec,2009
2009,Gargi Bhattacharyya,"UK NEC Members, HE",HE,uk_nec,2009
2009,Jimmy Donaghey,"UK NEC Members, HE",HE,uk_nec,2009
2009,Joe Gluza,"UK NEC Members, HE",HE,uk_nec,2009
2009,Maeve Landman,"UK NEC Members, HE",HE,uk_nec,2009
2009,Malcolm Povey,"UK NEC Members, HE",HE,uk_nec,2009
2009,Philip Burgess,"UK NEC Members, HE",HE,uk_nec,2009
2009,Alastair Hunter,Immediate Past President,HE,vp_chain,2007
2009,Sasha Callaghan,Immediate Past President,FE,vp_chain,2007
2009,Terry Hoad,Vice-President,HE,vp_chain,2009
2010,Jim Wolfreys,"NEC Members, London and the East, HE",HE,regional,2010
2010,Mark Campbell,"NEC Members, London and the East, HE",HE,regional,2010
2010,Steve Sangwine,"NEC Members, London and the East, HE",HE,regional,2010
2010,Dave Gibson,"NEC Members, North East, FE",FE,regional,2010
2010,David O'Toole,"NEC Members, North East, FE",FE,regional,2010
2010,Elizabeth Lawrence,"NEC Members, North East, HE",HE,regional,2010
2010,Gavin Reid,"NEC Members, North East, HE",HE,regional,2010
2010,Joanna de Groot,"NEC Members, North East, HE",HE,regional,2010
2010,John Dobson,"NEC Members, North West, HE",HE,regional,2009
2010,Karen Evans,"NEC Members, North West, HE",HE,regional,2009
2010,Jim Guild,"NEC Members, South, HE",HE,regional,2009
2010,Lesley Kane,"NEC Members, South, HE",HE,regional,2009
2010,Tom Hickey,"NEC Members, South, HE",HE,regional,2009
2010,Craig Lewis,"UK NEC Members, FE",FE,uk_nec,2010
2010,Jim Thakoordin,"UK NEC Members, FE",FE,uk_nec,2010
2010,John McCormack,"UK NEC Members, FE",FE,uk_nec,2010
2010,Richard McEwan,"UK NEC Members, FE",FE,uk_nec,2010
2010,Angela Shann,"UK NEC Members, HE",HE,uk_nec,2009
2010,Angi Lamb,"UK NEC Members, HE",HE,uk_nec,2010
2010,Christine Viè,"UK NEC Members, HE",HE,uk_nec,2010
2010,Dominique Lauterburg,"UK NEC Members, HE",HE,uk_nec,2010
2010,Gargi Bhattacharyya,"UK NEC Members, HE",HE,uk_nec,2009
2010,Jimmy Donaghey,"UK NEC Members, HE",HE,uk_nec,2009
2010,Joe Gluza,"UK NEC Members, HE",HE,uk_nec,2009
2010,Maeve Landman,"UK NEC Members, HE",HE,uk_nec,2009
2010,Malcolm Povey,"UK NEC Members, HE",HE,uk_nec,2009
2010,Philip Burgess,"UK NEC Members, HE",HE,uk_nec,2009
2010,Roger Brooks,"UK NEC Members, HE",HE,uk_nec,2010
2010,Steve Clark,"UK NEC Members, HE",HE,uk_nec,2010
2010,Sue Blackwell,"UK NEC Members, HE",HE,uk_nec,2010
2010,Terry Hoad,President-elect,HE,vp_chain,2009
2010,Kathy Taylor,Vice-President,FE,vp_chain,2010
2010,Ann Blair,"Representatives of Women Members, HE",HE,women,2010
2010,Marion Hersh,"Representatives of Women Members, HE",HE,women,2010
2010,Pauline Collins,"Representatives of Women Members, HE",HE,women,2010
2011,Jim Thakoordin,Representatives of Black Members,FE,equality,2011
2011,Roger Walters,"Representatives of Disabled Members, HE",HE,equality,2011
2011,Mary Jennings,"Representatives of LGBT+ Members, HE",HE,equality,2011
2011,Jim Wolfreys,"NEC Members, London and the East, HE",HE,regional,2010
2011,Mark Campbell,"NEC Members, London and the East, HE",HE,regional,2010
2011,Steve Sangwine,"NEC Members, London and the East, HE",HE,regional,2010
2011,Dave Gibson,"NEC Members, North East, FE",FE,regional,2010
2011,David O'Toole,"NEC Members, North East, FE",FE,regional,2010
2011,Elizabeth Lawrence,"NEC Members, North East, HE",HE,regional,2010
2011,Gavin Reid,"NEC Members, North East, HE",HE,regional,2010
2011,Joanna de Groot,"NEC Members, North East, HE",HE,regional,2010
2011,Bob Langridge,"NEC Members, South, HE",HE,regional,2011
2011,Lesley Kane,"NEC Members, South, HE",HE,regional,2011
2011,Tom Hickey,"NEC Members, South, HE",HE,regional,2011
2011,Angela Roger,UCU Scotland Honorary Secretary,HE,regional,2011
2011,Gordon Watson,UCU Scotland President,HE,regional,2011
2011,Craig Lewis,"UK NEC Members, FE",FE,uk_nec,2010
2011,Jim Thakoordin,"UK NEC Members, FE",FE,uk_nec,2010
2011,John McCormack,"UK NEC Members, FE",FE,uk_nec,2010
2011,Richard McEwan,"UK NEC Members, FE",FE,uk_nec,2010
2011,Angi Lamb,"UK NEC Members, HE",HE,uk_nec,2010
2011,Christine Viè,"UK NEC Members, HE",HE,uk_nec,2010
2011,Dominique Lauterburg,"UK NEC Members, HE",HE,uk_nec,2010
2011,Gargi Bhattacharyya,"UK NEC Members, HE",HE,uk_nec,2011
2011,Jimmy Donaghey,"UK NEC Members, HE",HE,uk_nec,2011
2011,Joe Gluza,"UK NEC Members, HE",HE,uk_nec,2011
2011,Lesley McIntosh,"UK NEC Members, HE",HE,uk_nec,2011
2011,Maeve Landman,"UK NEC Members, HE",HE,uk_nec,2011
2011,Malcolm Povey,"UK NEC Members, HE",HE,uk_nec,2011
2011,Roger Brooks,"UK NEC Members, HE",HE,uk_nec,2010
2011,Steve Clark,"UK NEC Members, HE",HE,uk_nec,2010
2011,Sue Blackwell,"UK NEC Members, HE",HE,uk_nec,2010
2011,Veronica Killen,"UK NEC Members, HE",HE,uk_nec,2011
2011,Terry Hoad,President,HE,vp_chain,2009
2011,Kathy Taylor,President-elect,FE,vp_chain,2010
2011,Simon Renton,Vice-President,HE,vp_chain,2011
2011,Ann Blair,"Representatives of Women Members, HE",HE,women,2010
2011,Marion Hersh,"Representatives of Women Members, HE",HE,women,2010
2011,Pauline Collins,"Representatives of Women Members, HE",HE,women,2010
2012,Jim Thakoordin,Representatives of Black Members,FE,equality,2011
2012,Roger Walters,"Representatives of Disabled Members, HE",HE,equality,2011
2012,Mary Jennings,"Representatives of LGBT+ Members, HE",HE,equality,2011
2012,Annie Holder,"NEC Members, London and the East, FE",FE,regional,2012
2012,Sean Vernell,"NEC Members, London and the East, FE",FE,regional,2012
2012,Mark Campbell,"NEC Members, London and the East, HE",HE,regional,2012
2012,Steve Sangwine,"NEC Members, London and the East, HE",HE,regional,2012
2012,Cath Hepburn,"NEC Members, North East, FE",FE,regional,2012
2012,Rob Goodfellow,"NEC Members, North East, FE",FE,regional,2012
2012,Elizabeth Lawrence,"NEC Members, North East, HE",HE,regional,2012
2012,Joanna de Groot,"NEC Members, North East, HE",HE,regional,2012
2012,Martin Levy,"NEC Members, North East, HE",HE,regional,2012
2012,Andy Sellers,"NEC Members, North West, FE",FE,regional,2012
2012,Renee Prendergast,"NEC Members, Northern Ireland, HE",HE,regional,2012
2012,Bob Langridge,"NEC Members, South, HE",HE,regional,2011
2012,Lesley Kane,"NEC Members, South, HE",HE,regional,2011
2012,Tom Hickey,"NEC Members, South, HE",HE,regional,2011
2012,Angela Roger,UCU Scotland Honorary Secretary,HE,regional,2011
2012,Gordon Watson,UCU Scotland President,HE,regional,2011
2012,Christopher Whyley,"Vice-President, UCU Wales",FE,regional,2012
2012,John Holden,"UK NEC Members, FE",FE,uk_nec,2012
2012,Richard McEwan,"UK NEC Members, FE",FE,uk_nec,2012
2012,Angi Lamb,"UK NEC Members, HE",HE,uk_nec,2012
2012,David Goode,"UK NEC Members, HE",HE,uk_nec,2012
2012,Dominique Lauterburg,"UK NEC Members, HE",HE,uk_nec,2012
2012,Gargi Bhattacharyya,"UK NEC Members, HE",HE,uk_nec,2011
2012,Harriet Bradley,"UK NEC Members, HE",HE,uk_nec,2012
2012,Jelena Timotijevic,"UK NEC Members, HE",HE,uk_nec,2012
2012,Jimmy Donaghey,"UK NEC Members, HE",HE,uk_nec,2011
2012,Joe Gluza,"UK NEC Members, HE",HE,uk_nec,2011
2012,Lesley McGorrigan,"UK NEC Members, HE",HE,uk_nec,2012
2012,Lesley McIntosh,"UK NEC Members, HE",HE,uk_nec,2011
2012,Maeve Landman,"UK NEC Members, HE",HE,uk_nec,2011
2012,Malcolm Povey,"UK NEC Members, HE",HE,uk_nec,2011
2012,Steve Clark,"UK NEC Members, HE",HE,uk_nec,2012
2012,Veronica Killen,"UK NEC Members, HE",HE,uk_nec,2011
2012,Terry Hoad,Immediate Past President,HE,vp_chain,2009
2012,Kathy Taylor,President,FE,vp_chain,2010
2012,Simon Renton,President-elect,HE,vp_chain,2011
2012,John McCormack,Vice-President,FE,vp_chain,2012
2012,Monica Goligher,"Representatives of Women Members, FE",FE,women,2012
2012,Vicky Knight,"Representatives of Women Members, FE",FE,women,2012
2012,Ann Blair,"Representatives of Women Members, HE",HE,women,2012
2012,Pauline Collins,"Representatives of Women Members, HE",HE,women,2012
2012,Suzanne Trill,"Representatives of Women Members, HE",HE,women,2012
2013,Cecile Wright,Representatives of Black Members,HE,equality,2013
2013,Dawn Livingston,Representatives of Black Members,FE,equality,2013
2013,Roger Walters,"Representatives of Disabled Members, HE",HE,equality,2013
2013,Mary Jennings,"Representatives of LGBT+ Members, HE",HE,equality,2013
2013,Angela Roger,Honorary Treasurer,national,officer,2013
2013,Annie Holder,"NEC Members, London and the East, FE",FE,regional,2012
2013,Sean Vernell,"NEC Members, London and the East, FE",FE,regional,2012
2013,Mark Campbell,"NEC Members, London and the East, HE",HE,regional,2012
2013,Steve Sangwine,"NEC Members, London and the East, HE",HE,regional,2012
2013,Brian O'Sullivan,"NEC Members, Midlands, FE",FE,regional,2013
2013,Jacqueline D'Arcy,"NEC Members, Midlands, FE",FE,regional,2013
2013,Alan J Ryan,"NEC Members, Midlands, HE",HE,regional,2013
2013,Patricia Hulme,"NEC Members, Midlands, HE",HE,regional,2013
2013,Cath Hepburn,"NEC Members, North East, FE",FE,regional,2012
2013,Rob Goodfellow,"NEC Members, North East, FE",FE,regional,2012
2013,Joanna de Groot,"NEC Members, North East, HE",HE,regional,2012
2013,Martin Levy,"NEC Members, North East, HE",HE,regional,2012
2013,Andy Sellers,"NEC Members, North West, FE",FE,regional,2013
2013,Isabel Brotherston,"NEC Members, North West, FE",FE,regional,2013
2013,Jo McNeill,"NEC Members, North West, HE",HE,regional,2013
2013,Roger M. Walden,"NEC Members, North West, HE",HE,regional,2013
2013,Renee Prendergast,"NEC Members, Northern Ireland, HE",HE,regional,2012
2013,Lesley Kane,"NEC Members, South, HE",HE,regional,2013
2013,Patricia McManus,"NEC Members, South, HE",HE,regional,2013
2013,Terry Hoad,"NEC Members, South, HE",HE,regional,2013
2013,Angi Lamb,UCU Scotland Honorary Secretary,HE,regional,2013
2013,Christopher Whyley,"Vice-President, UCU Wales",FE,regional,2012
2013,Carolyn Campbell,"UK NEC Members, FE",FE,uk_nec,2013
2013,David Armstrong,"UK NEC Members, FE",FE,uk_nec,2013
2013,John Holden,"UK NEC Members, FE",FE,uk_nec,2012
2013,Loraine Monk,"UK NEC Members, FE",FE,uk_nec,2013
2013,Lyndsey Nicholson,"UK NEC Members, FE",FE,uk_nec,2013
2013,Mandy Brown,"UK NEC Members, FE",FE,uk_nec,2013
2013,Richard McEwan,"UK NEC Members, FE",FE,uk_nec,2012
2013,Angi Lamb,"UK NEC Members, HE",HE,uk_nec,2012
2013,David Goode,"UK NEC Members, HE",HE,uk_nec,2012
2013,Dominique Lauterburg,"UK NEC Members, HE",HE,uk_nec,2012
2013,Gordon Watson,"UK NEC Members, HE",HE,uk_nec,2013
2013,Harriet Bradley,"UK NEC Members, HE",HE,uk_nec,2012
2013,Jelena Timotijevic,"UK NEC Members, HE",HE,uk_nec,2012
2013,Jimmy Donaghey,"UK NEC Members, HE",HE,uk_nec,2013
2013,Joe Gluza,"UK NEC Members, HE",HE,uk_nec,2013
2013,Julia Charlton,"UK NEC Members, HE",HE,uk_nec,2013
2013,Lesley McGorrigan,"UK NEC Members, HE",HE,uk_nec,2012
2013,Marion Hersh,"UK NEC Members, HE",HE,uk_nec,2013
2013,Paul Blackledge,"UK NEC Members, HE",HE,uk_nec,2013
2013,Sean Wallis,"UK NEC Members, HE",HE,uk_nec,2013
2013,Steve Clark,"UK NEC Members, HE",HE,uk_nec,2012
2013,Veronica Killen,"UK NEC Members, HE",HE,uk_nec,2013
2013,Kathy Taylor,Immediate Past President,FE,vp_chain,2010
2013,Simon Renton,President,HE,vp_chain,2011
2013,John McCormack,President-elect,FE,vp_chain,2012
2013,Elizabeth Lawrence,Vice-President,HE,vp_chain,2013
2013,Monica Goligher,"Representatives of Women Members, FE",FE,women,2012
2013,Vicky Knight,"Representatives of Women Members, FE",FE,women,2012
2013,Ann Blair,"Representatives of Women Members, HE",HE,women,2012
2013,Pauline Collins,"Representatives of Women Members, HE",HE,women,2012
2013,Suzanne Trill,"Representatives of Women Members, HE",HE,women,2012
2014,Cecile Wright,Representatives of Black Members,HE,equality,2013
2014,Dawn Livingston,Representatives of Black Members,FE,equality,2013
2014,Roger Walters,"Representatives of Disabled Members, HE",HE,equality,2013
2014,Mary Jennings,"Representatives of LGBT+ Members, HE",HE,equality,2013
2014,Angela Roger,Honorary Treasurer,national,officer,2013
2014,Ioanna Ioannou,"NEC Members, London and the East, HE",HE,regional,2014
2014,Sean Wallis,"NEC Members, London and the East, HE",HE,regional,2014
2014,Steve Sangwine,"NEC Members, London and the East, HE",HE,regional,2014
2014,Susan Michie,"NEC Members, London and the East, HE",HE,regional,2014
2014,Brian O'Sullivan,"NEC Members, Midlands, FE",FE,regional,2013
2014,Jacqueline D'Arcy,"NEC Members, Midlands, FE",FE,regional,2013
2014,Alan J Ryan,"NEC Members, Midlands, HE",HE,regional,2013
2014,Patricia Hulme,"NEC Members, Midlands, HE",HE,regional,2013
2014,Cath Hepburn,"NEC Members, North East, FE",FE,regional,2014
2014,Lee Short,"NEC Members, North East, FE",FE,regional,2014
2014,Martin Levy,"NEC Members, North East, HE",HE,regional,2014
2014,Paul Blackledge,"NEC Members, North East, HE",HE,regional,2014
2014,Terry Murphy,"NEC Members, North East, HE",HE,regional,2014
2014,Andy Sellers,"NEC Members, North West, FE",FE,regional,2013
2014,Isabel Brotherston,"NEC Members, North West, FE",FE,regional,2013
2014,Jo McNeill,"NEC Members, North West, HE",HE,regional,2013
2014,Roger M. Walden,"NEC Members, North West, HE",HE,regional,2013
2014,Lesley Kane,"NEC Members, South, HE",HE,regional,2013
2014,Patricia McManus,"NEC Members, South, HE",HE,regional,2013
2014,Terry Hoad,"NEC Members, South, HE",HE,regional,2013
2014,Angi Lamb,UCU Scotland Honorary Secretary,HE,regional,2013
2014,Alan Barker,"UK NEC Members, FE",FE,uk_nec,2014
2014,Carolyn Campbell,"UK NEC Members, FE",FE,uk_nec,2013
2014,David Armstrong,"UK NEC Members, FE",FE,uk_nec,2013
2014,Jenny Prideaux,"UK NEC Members, FE",FE,uk_nec,2014
2014,Loraine Monk,"UK NEC Members, FE",FE,uk_nec,2013
2014,Lyndsey Nicholson,"UK NEC Members, FE",FE,uk_nec,2013
2014,Mandy Brown,"UK NEC Members, FE",FE,uk_nec,2013
2014,Margot Hill,"UK NEC Members, FE",FE,uk_nec,2014
2014,Andreas Bieler,"UK NEC Members, HE",HE,uk_nec,2014
2014,David Goode,"UK NEC Members, HE",HE,uk_nec,2014
2014,Dominique Lauterburg,"UK NEC Members, HE",HE,uk_nec,2014
2014,Gordon Watson,"UK NEC Members, HE",HE,uk_nec,2013
2014,Harriet Bradley,"UK NEC Members, HE",HE,uk_nec,2014
2014,Jimmy Donaghey,"UK NEC Members, HE",HE,uk_nec,2013
2014,Joe Gluza,"UK NEC Members, HE",HE,uk_nec,2013
2014,Julia Charlton,"UK NEC Members, HE",HE,uk_nec,2013
2014,Karen Evans,"UK NEC Members, HE",HE,uk_nec,2014
2014,Lesley McGorrigan,"UK NEC Members, HE",HE,uk_nec,2014
2014,Marion Hersh,"UK NEC Members, HE",HE,uk_nec,2013
2014,Paul Blackledge,"UK NEC Members, HE",HE,uk_nec,2013
2014,Roger Brooks,"UK NEC Members, HE",HE,uk_nec,2014
2014,Sean Wallis,"UK NEC Members, HE",HE,uk_nec,2013
2014,Veronica Killen,"UK NEC Members, HE",HE,uk_nec,2013
2014,Simon Renton,Immediate Past President,HE,vp_chain,2011
2014,John McCormack,President,FE,vp_chain,2012
2014,Elizabeth Lawrence,President-elect,HE,vp_chain,2013
2014,Rob Goodfellow,Vice-President,FE,vp_chain,2014
2014,Sue Whittaker,"Representatives of Women Members, FE",FE,women,2014
2014,Vicky Knight,"Representatives of Women Members, FE",FE,women,2014
2014,Pat Hornby Atkinson,"Representatives of Women Members, HE",HE,women,2014
2014,Saira Weiner,"Representatives of Women Members, HE",HE,women,2014
2014,Sue Abbott,"Representatives of Women Members, HE",HE,women,2014
2015,Amy Jowett,"Representatives of Casually Employed Members, FE",FE,equality,2015
2015,Vicky Blake,"Representatives of Casually Employed Members, HE",HE,equality,2015
2015,Mary Jennings,"Representatives of LGBT+ Members, HE",HE,equality,2015
2015,Ioanna Ioannou,"NEC Members, London and the East, HE",HE,regional,2014
2015,Sean Wallis,"NEC Members, London and the East, HE",HE,regional,2014
2015,Steve Sangwine,"NEC Members, London and the East, HE",HE,regional,2014
2015,Susan Michie,"NEC Members, London and the East, HE",HE,regional,2014
2015,Jacqueline D'Arcy,"NEC Members, Midlands, FE",FE,regional,2015
2015,Simon Bruce-Jones,"NEC Members, Midlands, FE",FE,regional,2015
2015,Cath Hepburn,"NEC Members, North East, FE",FE,regional,2014
2015,Lee Short,"NEC Members, North East, FE",FE,regional,2014
2015,Martin Levy,"NEC Members, North East, HE",HE,regional,2014
2015,Paul Blackledge,"NEC Members, North East, HE",HE,regional,2014
2015,Terry Murphy,"NEC Members, North East, HE",HE,regional,2014
2015,Nina Doran,"NEC Members, North West, FE",FE,regional,2015
2015,Jo McNeill,"NEC Members, North West, HE",HE,regional,2015
2015,Michael McKrell,"NEC Members, North West, HE",HE,regional,2015
2015,Douglas Chalmers,UCU Scotland President,HE,regional,2015
2015,Alan Barker,"UK NEC Members, FE",FE,uk_nec,2014
2015,Jenny Prideaux,"UK NEC Members, FE",FE,uk_nec,2014
2015,Mandy Brown,"UK NEC Members, FE",FE,uk_nec,2015
2015,Margot Hill,"UK NEC Members, FE",FE,uk_nec,2014
2015,Andreas Bieler,"UK NEC Members, HE",HE,uk_nec,2014
2015,Carlo Morelli,"UK NEC Members, HE",HE,uk_nec,2015
2015,David Goode,"UK NEC Members, HE",HE,uk_nec,2014
2015,Dominique Lauterburg,"UK NEC Members, HE",HE,uk_nec,2014
2015,Harriet Bradley,"UK NEC Members, HE",HE,uk_nec,2014
2015,Julia Charlton,"UK NEC Members, HE",HE,uk_nec,2015
2015,Karen Evans,"UK NEC Members, HE",HE,uk_nec,2014
2015,Lesley McGorrigan,"UK NEC Members, HE",HE,uk_nec,2014
2015,Marion Hersh,"UK NEC Members, HE",HE,uk_nec,2015
2015,Roger Brooks,"UK NEC Members, HE",HE,uk_nec,2014
2015,Todd Bailey,"UK NEC Members, HE",HE,uk_nec,2015
2015,John McCormack,Immediate Past President,FE,vp_chain,2012
2015,Elizabeth Lawrence,President,HE,vp_chain,2013
2015,Rob Goodfellow,President-elect,FE,vp_chain,2014
2015,Sue Whittaker,"Representatives of Women Members, FE",FE,women,2014
2015,Vicky Knight,"Representatives of Women Members, FE",FE,women,2014
2015,Pat Hornby Atkinson,"Representatives of Women Members, HE",HE,women,2014
2015,Saira Weiner,"Representatives of Women Members, HE",HE,women,2014
2015,Sue Abbott,"Representatives of Women Members, HE",HE,women,2014
2016,Amy Jowett,"Representatives of Casually Employed Members, FE",FE,equality,2015
2016,Vicky Blake,"Representatives of Casually Employed Members, HE",HE,equality,2015
2016,Mary Jennings,"Representatives of LGBT+ Members, HE",HE,equality,2015
2016,Julia Roberts,"NEC Members, London and the East, FE",FE,regional,2016
2016,Sean Vernell,"NEC Members, London and the East, FE",FE,regional,2016
2016,Amanda Williams,"NEC Members, London and the East, HE",HE,regional,2016
2016,Rachel Cohen,"NEC Members, London and the East, HE",HE,regional,2016
2016,Sarah Brown,"NEC Members, London and the East, HE",HE,regional,2016
2016,Sean Wallis,"NEC Members, London and the East, HE",HE,regional,2016
2016,Jacqueline D'Arcy,"NEC Members, Midlands, FE",FE,regional,2015
2016,Simon Bruce-Jones,"NEC Members, Midlands, FE",FE,regional,2015
2016,Cath Hepburn,"NEC Members, North East, FE",FE,regional,2016
2016,Nina Doran,"NEC Members, North West, FE",FE,regional,2015
2016,Jo McNeill,"NEC Members, North West, HE",HE,regional,2015
2016,Michael McKrell,"NEC Members, North West, HE",HE,regional,2015
2016,Renee Prendergast,"NEC Members, Northern Ireland, HE",HE,regional,2016
2016,Douglas Chalmers,UCU Scotland President,HE,regional,2015
2016,Jenny Prideaux,"UK NEC Members, FE",FE,uk_nec,2016
2016,Mandy Brown,"UK NEC Members, FE",FE,uk_nec,2015
2016,Margot Hill,"UK NEC Members, FE",FE,uk_nec,2016
2016,Mel Stouph,"UK NEC Members, FE",FE,uk_nec,2016
2016,Carlo Morelli,"UK NEC Members, HE",HE,uk_nec,2015
2016,Jimmy Donaghey,"UK NEC Members, HE",HE,uk_nec,2016
2016,Julia Charlton,"UK NEC Members, HE",HE,uk_nec,2015
2016,Julie Hearn,"UK NEC Members, HE",HE,uk_nec,2016
2016,Marion Hersh,"UK NEC Members, HE",HE,uk_nec,2015
2016,Paul Errington,"UK NEC Members, HE",HE,uk_nec,2016
2016,Todd Bailey,"UK NEC Members, HE",HE,uk_nec,2015
2016,Elizabeth Lawrence,Immediate Past President,HE,vp_chain,2013
2016,Rob Goodfellow,President,FE,vp_chain,2014
2016,Vicky Knight,Vice-President,FE,vp_chain,2016
2016,Carolyn Campbell,"Representatives of Women Members, FE",FE,women,2016
2016,Elaine White,"Representatives of Women Members, FE",FE,women,2016
2016,Ariane Bogain,"Representatives of Women Members, HE",HE,women,2016
2016,Sue Abbott,"Representatives of Women Members, HE",HE,women,2016
2016,Victoria Showunmi,"Representatives of Women Members, HE",HE,women,2016
2017,Ryan Prout,"Representatives of LGBT+ Members, HE",HE,equality,2017
2017,Steve Sangwine,Honorary Treasurer,national,officer,2017
2017,Julia Roberts,"NEC Members, London and the East, FE",FE,regional,2016
2017,Sean Vernell,"NEC Members, London and the East, FE",FE,regional,2016
2017,Amanda Williams,"NEC Members, London and the East, HE",HE,regional,2016
2017,Rachel Cohen,"NEC Members, London and the East, HE",HE,regional,2016
2017,Sarah Brown,"NEC Members, London and the East, HE",HE,regional,2016
2017,Sean Wallis,"NEC Members, London and the East, HE",HE,regional,2016
2017,John Paul Sullivan,"NEC Members, Midlands, FE",FE,regional,2017
2017,Rhiannon Lockley,"NEC Members, Midlands, FE",FE,regional,2017
2017,David Ridley,"NEC Members, Midlands, HE",HE,regional,2017
2017,Justine Mercer,"NEC Members, Midlands, HE",HE,regional,2017
2017,Cath Hepburn,"NEC Members, North East, FE",FE,regional,2016
2017,Renee Prendergast,"NEC Members, Northern Ireland, HE",HE,regional,2016
2017,Denis A Nicole,"NEC Members, South, HE",HE,regional,2017
2017,Lesley Kane,"NEC Members, South, HE",HE,regional,2017
2017,Pauline Collins,"NEC Members, South, HE",HE,regional,2017
2017,Anya Cook,"UK NEC Members, FE",FE,uk_nec,2017
2017,Jenny Prideaux,"UK NEC Members, FE",FE,uk_nec,2016
2017,Mandy Brown,"UK NEC Members, FE",FE,uk_nec,2017
2017,Margot Hill,"UK NEC Members, FE",FE,uk_nec,2016
2017,Mel Stouph,"UK NEC Members, FE",FE,uk_nec,2016
2017,Carlo Morelli,"UK NEC Members, HE",HE,uk_nec,2017
2017,Dominique Lauterburg,"UK NEC Members, HE",HE,uk_nec,2017
2017,Jimmy Donaghey,"UK NEC Members, HE",HE,uk_nec,2016
2017,Julia Charlton,"UK NEC Members, HE",HE,uk_nec,2017
2017,Julie Hearn,"UK NEC Members, HE",HE,uk_nec,2016
2017,Paul Errington,"UK NEC Members, HE",HE,uk_nec,2016
2017,Vicky Blake,"UK NEC Members, HE",HE,uk_nec,2017
2017,Rob Goodfellow,Immediate Past President,FE,vp_chain,2014
2017,Vicky Knight,President-elect,FE,vp_chain,2016
2017,Douglas Chalmers,Vice-President,HE,vp_chain,2017
2017,Carolyn Campbell,"Representatives of Women Members, FE",FE,women,2016
2017,Elaine White,"Representatives of Women Members, FE",FE,women,2016
2017,Ariane Bogain,"Representatives of Women Members, HE",HE,women,2016
2017,Sue Abbott,"Representatives of Women Members, HE",HE,women,2016
2017,Victoria Showunmi,"Representatives of Women Members, HE",HE,women,2016
2018,Ryan Prout,"Representatives of LGBT+ Members, HE",HE,equality,2017
2018,Eleni Michalopoulou,Representatives of Members in Land-Based Education,FE,equality,2018
2018,Steve Sangwine,Honorary Treasurer,national,officer,2017
2018,Julia Roberts,"NEC Members, London and the East, FE",FE,regional,2018
2018,Sean Vernell,"NEC Members, London and the East, FE",FE,regional,2018
2018,Amanda Williams,"NEC Members, London and the East, HE",HE,regional,2018
2018,Ioanna Ioannou,"NEC Members, London and the East, HE",HE,regional,2018
2018,Paul Anderson,"NEC Members, London and the East, HE",HE,regional,2018
2018,Sean Wallis,"NEC Members, London and the East, HE",HE,regional,2018
2018,John Paul Sullivan,"NEC Members, Midlands, FE",FE,regional,2017
2018,Rhiannon Lockley,"NEC Members, Midlands, FE",FE,regional,2017
2018,David Ridley,"NEC Members, Midlands, HE",HE,regional,2017
2018,Justine Mercer,"NEC Members, Midlands, HE",HE,regional,2017
2018,Rob Goodfellow,"NEC Members, North East, FE",FE,regional,2018
2018,Joan Harvey,"NEC Members, North East, HE",HE,regional,2018
2018,Paul Errington,"NEC Members, North East, HE",HE,regional,2018
2018,Steve Lui,"NEC Members, North East, HE",HE,regional,2018
2018,Janet Farrar,"NEC Members, North West, HE",HE,regional,2018
2018,Renee Prendergast,"NEC Members, Northern Ireland, HE",HE,regional,2018
2018,Denis A Nicole,"NEC Members, South, HE",HE,regional,2017
2018,Lesley Kane,"NEC Members, South, HE",HE,regional,2017
2018,Pauline Collins,"NEC Members, South, HE",HE,regional,2017
2018,Anya Cook,"UK NEC Members, FE",FE,uk_nec,2017
2018,Mandy Brown,"UK NEC Members, FE",FE,uk_nec,2017
2018,Margot Hill,"UK NEC Members, FE",FE,uk_nec,2018
2018,Mel Stouph,"UK NEC Members, FE",FE,uk_nec,2018
2018,Robert Clunas,"UK NEC Members, FE",FE,uk_nec,2018
2018,Carlo Morelli,"UK NEC Members, HE",HE,uk_nec,2017
2018,Dominique Lauterburg,"UK NEC Members, HE",HE,uk_nec,2017
2018,Joanna de Groot,"UK NEC Members, HE",HE,uk_nec,2018
2018,Julia Charlton,"UK NEC Members, HE",HE,uk_nec,2017
2018,Julie Hearn,"UK NEC Members, HE",HE,uk_nec,2018
2018,Marion Hersh,"UK NEC Members, HE",HE,uk_nec,2018
2018,Mark Abel,"UK NEC Members, HE",HE,uk_nec,2018
2018,"McNeill, Jo","UK NEC Members, HE",HE,uk_nec,2018
2018,Michael Carley,"UK NEC Members, HE",HE,uk_nec,2018
2018,Vicky Blake,"UK NEC Members, HE",HE,uk_nec,2017
2018,Vicky Knight,President,FE,vp_chain,2016
2018,Douglas Chalmers,President-elect,HE,vp_chain,2017
2018,Nita Sanghera,Vice-President,FE,vp_chain,2018
2018,Carolyn Campbell,"Representatives of Women Members, FE",FE,women,2018
2018,Elaine White,"Representatives of Women Members, FE",FE,women,2018
2018,Ariane Bogain,"Representatives of Women Members, HE",HE,women,2018
2018,Pura Ariza,"Representatives of Women Members, HE",HE,women,2018
2018,Sue Abbott,"Representatives of Women Members, HE",HE,women,2018
2019,Maxine Looby,Representatives of Black Members,FE,equality,2019
2019,Victoria Showunmi,Representatives of Black Members,HE,equality,2019
2019,Lucy Burke,"Representatives of Disabled Members, HE",HE,equality,2019
2019,Eleni Michalopoulou,Representatives of Members in Land-Based Education,FE,equality,2018
2019,Steve Sangwine,Honorary Treasurer,national,officer,2019
2019,Julia Roberts,"NEC Members, London and the East, FE",FE,regional,2018
2019,Sean Vernell,"NEC Members, London and the East, FE",FE,regional,2018
2019,Amanda Williams,"NEC Members, London and the East, HE",HE,regional,2018
2019,Ioanna Ioannou,"NEC Members, London and the East, HE",HE,regional,2018
2019,Paul Anderson,"NEC Members, London and the East, HE",HE,regional,2018
2019,Sean Wallis,"NEC Members, London and the East, HE",HE,regional,2018
2019,John Paul Sullivan,"NEC Members, Midlands, FE",FE,regional,2019
2019,Rob Goodfellow,"NEC Members, North East, FE",FE,regional,2018
2019,Bruce Baker,"NEC Members, North East, HE",HE,regional,2019
2019,Joan Harvey,"NEC Members, North East, HE",HE,regional,2018
2019,Paul Errington,"NEC Members, North East, HE",HE,regional,2018
2019,Steve Lui,"NEC Members, North East, HE",HE,regional,2018
2019,Janet Farrar,"NEC Members, North West, FE",FE,regional,2019
2019,Janet Farrar,"NEC Members, North West, HE",HE,regional,2018
2019,Philippa Browning,"NEC Members, North West, HE",HE,regional,2019
2019,Saira Weiner,"NEC Members, North West, HE",HE,regional,2019
2019,Renee Prendergast,"NEC Members, Northern Ireland, HE",HE,regional,2018
2019,Catherine Pope,"NEC Members, South, HE",HE,regional,2019
2019,Deepa Govindarajan Driver,"NEC Members, South, HE",HE,regional,2019
2019,Lesley Kane,"NEC Members, South, HE",HE,regional,2019
2019,Sally Pellow,"NEC Members, South, HE",HE,regional,2019
2019,Janice Aitken,UCU Scotland Honorary Secretary,HE,regional,2019
2019,Carlo Morelli,UCU Scotland President,HE,regional,2019
2019,Anya Cook,"UK NEC Members, FE",FE,uk_nec,2019
2019,Jacqueline D'Arcy,"UK NEC Members, FE",FE,uk_nec,2019
2019,Margot Hill,"UK NEC Members, FE",FE,uk_nec,2018
2019,Mel Stouph,"UK NEC Members, FE",FE,uk_nec,2018
2019,Robert Clunas,"UK NEC Members, FE",FE,uk_nec,2018
2019,Jo Grady,"UK NEC Members, HE",HE,uk_nec,2019
2019,Joanna de Groot,"UK NEC Members, HE",HE,uk_nec,2018
2019,Julie Hearn,"UK NEC Members, HE",HE,uk_nec,2018
2019,Maria Chondrogianni,"UK NEC Members, HE",HE,uk_nec,2019
2019,Marion Hersh,"UK NEC Members, HE",HE,uk_nec,2019
2019,Mark Abel,"UK NEC Members, HE",HE,uk_nec,2018
2019,"McNeill, Jo","UK NEC Members, HE",HE,uk_nec,2018
2019,Michael Carley,"UK NEC Members, HE",HE,uk_nec,2018
2019,Vicky Knight,Immediate Past President,FE,vp_chain,2016
2019,Douglas Chalmers,President,HE,vp_chain,2017
2019,Nita Sanghera,President-elect,FE,vp_chain,2018
2019,Vicky Blake,Vice-President,HE,vp_chain,2019
2019,Carolyn Campbell,"Representatives of Women Members, FE",FE,women,2018
2019,Elaine White,"Representatives of Women Members, FE",FE,women,2018
2019,Ariane Bogain,"Representatives of Women Members, HE",HE,women,2018
2019,Pura Ariza,"Representatives of Women Members, HE",HE,women,2018
2019,Sue Abbott,"Representatives of Women Members, HE",HE,women,2018
2020,Maxine Looby,Representatives of Black Members,FE,equality,2019
2020,Victoria Showunmi,Representatives of Black Members,HE,equality,2019
2020,Lucy Burke,"Representatives of Disabled Members, HE",HE,equality,2019
2020,Jennie Appleyard,"Representatives of LGBT+ Members, FE",FE,equality,2020
2020,Dima Chami,Representatives of Migrant Members,HE,equality,2020
2020,Robyn Orfitelli,Representatives of Migrant Members,HE,equality,2020
2020,Steve Sangwine,Honorary Treasurer,national,officer,2019
2020,Annie Goh,"NEC Members, London and the East, HE",HE,regional,2020
2020,Claire Marris,"NEC Members, London and the East, HE",HE,regional,2020
2020,Holly Smith,"NEC Members, London and the East, HE",HE,regional,2020
2020,Sarah Brown,"NEC Members, London and the East, HE",HE,regional,2020
2020,John Paul Sullivan,"NEC Members, Midlands, FE",FE,regional,2019
2020,David Harvie,"NEC Members, Midlands, HE",HE,regional,2020
2020,Rachel Minshull,"NEC Members, North East, FE",FE,regional,2020
2020,Bruce Baker,"NEC Members, North East, HE",HE,regional,2020
2020,Joan Harvey,"NEC Members, North East, HE",HE,regional,2020
2020,Ruth Holliday,"NEC Members, North East, HE",HE,regional,2020
2020,Philippa Browning,"NEC Members, North West, HE",HE,regional,2019
2020,Saira Weiner,"NEC Members, North West, HE",HE,regional,2019
2020,Linda Moore,"NEC Members, Northern Ireland, HE",HE,regional,2020
2020,Catherine Pope,"NEC Members, South, HE",HE,regional,2019
2020,Deepa Govindarajan Driver,"NEC Members, South, HE",HE,regional,2019
2020,Lesley Kane,"NEC Members, South, HE",HE,regional,2019
2020,Sally Pellow,"NEC Members, South, HE",HE,regional,2019
2020,Janice Aitken,UCU Scotland Honorary Secretary,HE,regional,2019
2020,Ann Swinney,"UCU Scotland NEC Members, HE",HE,regional,2020
2020,Carlo Morelli,UCU Scotland President,HE,regional,2019
2020,Anya Cook,"UK NEC Members, FE",FE,uk_nec,2019
2020,Jacqueline D'Arcy,"UK NEC Members, FE",FE,uk_nec,2019
2020,Lauren Mura,"UK NEC Members, FE",FE,uk_nec,2020
2020,Nina Doran,"UK NEC Members, FE",FE,uk_nec,2020
2020,Richard McEwan,"UK NEC Members, FE",FE,uk_nec,2020
2020,Adam Ozanne,"UK NEC Members, HE",HE,uk_nec,2020
2020,Ann Gow,"UK NEC Members, HE",HE,uk_nec,2020
2020,Chloé Vitry,"UK NEC Members, HE",HE,uk_nec,2020
2020,Jo Grady,"UK NEC Members, HE",HE,uk_nec,2019
2020,Jo McNeill,"UK NEC Members, HE",HE,uk_nec,2020
2020,Leon Rocha,"UK NEC Members, HE",HE,uk_nec,2020
2020,Maria Chondrogianni,"UK NEC Members, HE",HE,uk_nec,2019
2020,Marion Hersh,"UK NEC Members, HE",HE,uk_nec,2019
2020,Mark Pendleton,"UK NEC Members, HE",HE,uk_nec,2020
2020,Douglas Chalmers,Immediate Past President,HE,vp_chain,2017
2020,Nita Sanghera,President,FE,vp_chain,2018
2020,Vicky Blake,President-elect,HE,vp_chain,2019
2020,Janet Farrar,Vice-President,FE,vp_chain,2020
2020,Justine Mercer,Vice-President,HE,vp_chain,2020
2020,Carolyn Campbell,"Representatives of Women Members, FE",FE,women,2020
2020,Stephanie Williams,"Representatives of Women Members, FE",FE,women,2020
2020,Jo Edge,"Representatives of Women Members, HE",HE,women,2020
2020,Joanna de Groot,"Representatives of Women Members, HE",HE,women,2020
2020,Pura Ariza,"Representatives of Women Members, HE",HE,women,2020
2021,Ben Pope,"Representatives of Casually Employed Members, HE",HE,equality,2021
2021,Marian Mayer,"Representatives of Disabled Members, HE",HE,equality,2021
2021,Bee Hughes,Representatives of LGBT+ Members,national,equality,2021
2021,Peter Evans,Representatives of LGBT+ Members,national,equality,2021
2021,Jennie Appleyard,"Representatives of LGBT+ Members, FE",FE,equality,2020
2021,Dima Chami,Representatives of Migrant Members,HE,equality,2020
2021,Robyn Orfitelli,Representatives of Migrant Members,HE,equality,2020
2021,Steve Sangwine,Honorary Treasurer,national,officer,2021
2021,Annie Goh,"NEC Members, London and the East, HE",HE,regional,2020
2021,Claire Marris,"NEC Members, London and the East, HE",HE,regional,2020
2021,Holly Smith,"NEC Members, London and the East, HE",HE,regional,2020
2021,Sarah Brown,"NEC Members, London and the East, HE",HE,regional,2020
2021,John Paul Sullivan,"NEC Members, Midlands, FE",FE,regional,2021
2021,Chris Grocott,"NEC Members, Midlands, HE",HE,regional,2021
2021,David Harvie,"NEC Members, Midlands, HE",HE,regional,2020
2021,Emma Battell Lowman,"NEC Members, Midlands, HE",HE,regional,2021
2021,Rhiannon Lockley,"NEC Members, Midlands, HE",HE,regional,2021
2021,Rachel Minshull,"NEC Members, North East, FE",FE,regional,2020
2021,Bruce Baker,"NEC Members, North East, HE",HE,regional,2020
2021,Joan Harvey,"NEC Members, North East, HE",HE,regional,2020
2021,Ruth Holliday,"NEC Members, North East, HE",HE,regional,2020
2021,Philippa Browning,"NEC Members, North West, HE",HE,regional,2021
2021,Saira Weiner,"NEC Members, North West, HE",HE,regional,2021
2021,Linda Moore,"NEC Members, Northern Ireland, HE",HE,regional,2020
2021,Alison Chapman,"NEC Members, South, FE",FE,regional,2021
2021,Philip Wilson,"NEC Members, South, FE",FE,regional,2021
2021,Aris Katzourakis,"NEC Members, South, HE",HE,regional,2021
2021,Deepa Govindarajan Driver,"NEC Members, South, HE",HE,regional,2021
2021,Mark Abel,"NEC Members, South, HE",HE,regional,2021
2021,Sally Pellow,"NEC Members, South, HE",HE,regional,2021
2021,Ann Swinney,UCU Scotland Honorary Secretary,HE,regional,2021
2021,Ann Swinney,"UCU Scotland NEC Members, HE",HE,regional,2020
2021,Lena Wånggren,UCU Scotland President,HE,regional,2021
2021,Jacqueline D'Arcy,"UK NEC Members, FE",FE,uk_nec,2021
2021,Lauren Mura,"UK NEC Members, FE",FE,uk_nec,2020
2021,Nina Doran,"UK NEC Members, FE",FE,uk_nec,2020
2021,Richard McEwan,"UK NEC Members, FE",FE,uk_nec,2020
2021,Saleem Rashid,"UK NEC Members, FE",FE,uk_nec,2021
2021,Adam Ozanne,"UK NEC Members, HE",HE,uk_nec,2020
2021,Ann Gow,"UK NEC Members, HE",HE,uk_nec,2020
2021,Bijan Parsia,"UK NEC Members, HE",HE,uk_nec,2021
2021,Chloé Vitry,"UK NEC Members, HE",HE,uk_nec,2020
2021,Chris O'Donnell,"UK NEC Members, HE",HE,uk_nec,2021
2021,Jo McNeill,"UK NEC Members, HE",HE,uk_nec,2020
2021,Leon Rocha,"UK NEC Members, HE",HE,uk_nec,2020
2021,Lesley McGorrigan,"UK NEC Members, HE",HE,uk_nec,2021
2021,Marion Hersh,"UK NEC Members, HE",HE,uk_nec,2021
2021,Mark Pendleton,"UK NEC Members, HE",HE,uk_nec,2020
2021,Nita Sanghera,Immediate Past President,FE,vp_chain,2018
2021,Vicky Blake,President,HE,vp_chain,2019
2021,Janet Farrar,President-elect,FE,vp_chain,2020
2021,Justine Mercer,President-elect,HE,vp_chain,2020
2021,Carolyn Campbell,"Representatives of Women Members, FE",FE,women,2020
2021,Stephanie Williams,"Representatives of Women Members, FE",FE,women,2020
2021,Jo Edge,"Representatives of Women Members, HE",HE,women,2020
2021,Joanna de Groot,"Representatives of Women Members, HE",HE,women,2020
2021,Pura Ariza,"Representatives of Women Members, HE",HE,women,2020
2022,Ben Pope,"Representatives of Casually Employed Members, HE",HE,equality,2021
2022,Marian Mayer,"Representatives of Disabled Members, HE",HE,equality,2021
2022,Bee Hughes,Representatives of LGBT+ Members,national,equality,2021
2022,Peter Evans,Representatives of LGBT+ Members,national,equality,2021
2022,Khizer Saeed,Representatives of Migrant Members,HE,equality,2022
2022,Steve Sangwine,Honorary Treasurer,national,officer,2021
2022,Delmena Doyley,"NEC Members, London and the East, FE",FE,regional,2022
2022,Regine Pilling,"NEC Members, London and the East, FE",FE,regional,2022
2022,Richard McEwan,"NEC Members, London and the East, FE",FE,regional,2022
2022,Emma Kennedy,"NEC Members, London and the East, HE",HE,regional,2022
2022,Esther Murray,"NEC Members, London and the East, HE",HE,regional,2022
2022,Kyran Joughin,"NEC Members, London and the East, HE",HE,regional,2022
2022,Maria Chondrogianni,"NEC Members, London and the East, HE",HE,regional,2022
2022,Sean Wallis,"NEC Members, London and the East, HE",HE,regional,2022
2022,John Paul Sullivan,"NEC Members, Midlands, FE",FE,regional,2021
2022,Chris Grocott,"NEC Members, Midlands, HE",HE,regional,2021
2022,Emma Battell Lowman,"NEC Members, Midlands, HE",HE,regional,2021
2022,Rhiannon Lockley,"NEC Members, Midlands, HE",HE,regional,2021
2022,Elaine White,"NEC Members, North East, FE",FE,regional,2022
2022,Joanna de Groot,"NEC Members, North East, HE",HE,regional,2022
2022,Laura Chuhan Campbell,"NEC Members, North East, HE",HE,regional,2022
2022,Matt Perry,"NEC Members, North East, HE",HE,regional,2022
2022,Philippa Browning,"NEC Members, North West, HE",HE,regional,2021
2022,Saira Weiner,"NEC Members, North West, HE",HE,regional,2021
2022,Martina Donald,"NEC Members, Northern Ireland, FE",FE,regional,2022
2022,Linda Moore,"NEC Members, Northern Ireland, HE",HE,regional,2022
2022,Alison Chapman,"NEC Members, South, FE",FE,regional,2021
2022,Philip Wilson,"NEC Members, South, FE",FE,regional,2021
2022,Aris Katzourakis,"NEC Members, South, HE",HE,regional,2021
2022,Deepa Govindarajan Driver,"NEC Members, South, HE",HE,regional,2021
2022,Mark Abel,"NEC Members, South, HE",HE,regional,2021
2022,Sally Pellow,"NEC Members, South, HE",HE,regional,2021
2022,Vida Greaux,"NEC Members, Wales, HE",HE,regional,2022
2022,Ann Swinney,UCU Scotland Honorary Secretary,HE,regional,2021
2022,Lena Wånggren,UCU Scotland President,HE,regional,2021
2022,Dharminder Singh Chuhan,"UK NEC Members, FE",FE,uk_nec,2022
2022,Jacqueline D'Arcy,"UK NEC Members, FE",FE,uk_nec,2021
2022,Nina Doran,"UK NEC Members, FE",FE,uk_nec,2022
2022,Saleem Rashid,"UK NEC Members, FE",FE,uk_nec,2021
2022,Andrew Feeney,"UK NEC Members, HE",HE,uk_nec,2022
2022,Ann Gow,"UK NEC Members, HE",HE,uk_nec,2022
2022,Bijan Parsia,"UK NEC Members, HE",HE,uk_nec,2021
2022,Chris O'Donnell,"UK NEC Members, HE",HE,uk_nec,2021
2022,Grant Buttars,"UK NEC Members, HE",HE,uk_nec,2022
2022,Lesley McGorrigan,"UK NEC Members, HE",HE,uk_nec,2021
2022,Marion Hersh,"UK NEC Members, HE",HE,uk_nec,2021
2022,Peta Bulmer,"UK NEC Members, HE",HE,uk_nec,2022
2022,Rhian Elinor Keyse,"UK NEC Members, HE",HE,uk_nec,2022
2022,Vicky Blake,Immediate Past President,HE,vp_chain,2019
2022,Janet Farrar,President,FE,vp_chain,2020
2022,Justine Mercer,President,HE,vp_chain,2020
2022,Maxine Looby,Vice-President,FE,vp_chain,2022
2022,Emma Rees,"Representatives of Women Members, HE",HE,women,2022
2022,Jo Edge,"Representatives of Women Members, HE",HE,women,2022
2022,Julie Hearn,"Representatives of Women Members, HE",HE,women,2022
2023,Jak Peake,Representatives of Black Members,HE,equality,2023
2023,Juliana Ojinnaka,Representatives of Black Members,FE,equality,2023
2023,Matilda Fitzmaurice,"Representatives of Casually Employed Members, HE",HE,equality,2023
2023,Pat Roche,"Representatives of Disabled Members, FE",FE,equality,2023
2023,Bijan Parsia,"Representatives of Disabled Members, HE",HE,equality,2023
2023,Peter Evans,"Representatives of LGBT+ Members, FE",FE,equality,2023
2023,Mark Pendleton,"Representatives of LGBT+ Members, HE",HE,equality,2023
2023,Khizer Saeed,Representatives of Migrant Members,HE,equality,2022
2023,Laura Loyola-Hernandez,Representatives of Migrant Members,HE,equality,2023
2023,Vivek Thuppil,Representatives of Migrant Members,HE,equality,2023
2023,David Harvie,Honorary Treasurer,national,officer,2023
2023,Delmena Doyley,"NEC Members, London and the East, FE",FE,regional,2022
2023,Regine Pilling,"NEC Members, London and the East, FE",FE,regional,2022
2023,Richard McEwan,"NEC Members, London and the East, FE",FE,regional,2022
2023,Emma Kennedy,"NEC Members, London and the East, HE",HE,regional,2022
2023,Esther Murray,"NEC Members, London and the East, HE",HE,regional,2022
2023,Kyran Joughin,"NEC Members, London and the East, HE",HE,regional,2022
2023,Sean Wallis,"NEC Members, London and the East, HE",HE,regional,2022
2023,Agnes Flues,"NEC Members, Midlands, HE",HE,regional,2023
2023,Caroline Proctor,"NEC Members, Midlands, HE",HE,regional,2023
2023,Rhiannon Lockley,"NEC Members, Midlands, HE",HE,regional,2023
2023,Elaine White,"NEC Members, North East, FE",FE,regional,2022
2023,Joanna de Groot,"NEC Members, North East, HE",HE,regional,2022
2023,Laura Chuhan Campbell,"NEC Members, North East, HE",HE,regional,2022
2023,Matt Perry,"NEC Members, North East, HE",HE,regional,2022
2023,Helen Kelsall,"NEC Members, North West, FE",FE,regional,2023
2023,Lucy Burke,"NEC Members, North West, HE",HE,regional,2023
2023,Philippa Browning,"NEC Members, North West, HE",HE,regional,2023
2023,Martina Donald,"NEC Members, Northern Ireland, FE",FE,regional,2022
2023,Linda Moore,"NEC Members, Northern Ireland, HE",HE,regional,2022
2023,John Fones,"NEC Members, South, FE",FE,regional,2023
2023,Aris Katzourakis,"NEC Members, South, HE",HE,regional,2023
2023,Deepa Govindarajan Driver,"NEC Members, South, HE",HE,regional,2023
2023,Mark Abel,"NEC Members, South, HE",HE,regional,2023
2023,Rebecca Harrison,"NEC Members, South, HE",HE,regional,2023
2023,Vida Greaux,"NEC Members, Wales, HE",HE,regional,2022
2023,Carlo Morelli,UCU Scotland Honorary Secretary,HE,regional,2023
2023,Jeanette Findlay,UCU Scotland President,HE,regional,2023
2023,Dharminder Singh Chuhan,"UK NEC Members, FE",FE,uk_nec,2022
2023,Jackie D'Arcy,"UK NEC Members, FE",FE,uk_nec,2023
2023,Nina Doran,"UK NEC Members, FE",FE,uk_nec,2022
2023,Sean Vernell,"UK NEC Members, FE",FE,uk_nec,2023
2023,Adam Hansen,"UK NEC Members, HE",HE,uk_nec,2023
2023,Andrew Feeney,"UK NEC Members, HE",HE,uk_nec,2022
2023,Ann Gow,"UK NEC Members, HE",HE,uk_nec,2022
2023,Dyfrig Jones,"UK NEC Members, HE",HE,uk_nec,2023
2023,Grant Buttars,"UK NEC Members, HE",HE,uk_nec,2022
2023,Marion Hersh,"UK NEC Members, HE",HE,uk_nec,2023
2023,Peta Bulmer,"UK NEC Members, HE",HE,uk_nec,2022
2023,Rhian Elinor Keyse,"UK NEC Members, HE",HE,uk_nec,2022
2023,Vicky Blake,"UK NEC Members, HE",HE,uk_nec,2023
2023,Janet Farrar,Immediate Past President,FE,vp_chain,2020
2023,Justine Mercer,Immediate Past President,HE,vp_chain,2020
2023,Maxine Looby,President-elect,FE,vp_chain,2022
2023,Maria Chondrogianni,Vice-President,HE,vp_chain,2023
2023,Emma Rees,"Representatives of Women Members, HE",HE,women,2022
2023,Jo Edge,"Representatives of Women Members, HE",HE,women,2022
2023,Julie Hearn,"Representatives of Women Members, HE",HE,women,2022
2024,Jak Peake,Representatives of Black Members,HE,equality,2023
2024,Juliana Ojinnaka,Representatives of Black Members,FE,equality,2023
2024,Matilda Fitzmaurice,"Representatives of Casually Employed Members, HE",HE,equality,2023
2024,Pat Roche,"Representatives of Disabled Members, FE",FE,equality,2023
2024,Bijan Parsia,"Representatives of Disabled Members, HE",HE,equality,2023
2024,Peter Evans,"Representatives of LGBT+ Members, FE",FE,equality,2023
2024,Mark Pendleton,"Representatives of LGBT+ Members, HE",HE,equality,2023
2024,Laura Loyola-Hernandez,Representatives of Migrant Members,HE,equality,2023
2024,Vivek Thuppil,Representatives of Migrant Members,HE,equality,2023
2024,Jo Grady,General Secretary,national,officer,2024
2024,David Harvie,Honorary Treasurer,national,officer,2023
2024,Regine Pilling,"NEC Members, London and the East, FE",FE,regional,2024
2024,Richard McEwan,"NEC Members, London and the East, FE",FE,regional,2024
2024,Cecilia Wee,"NEC Members, London and the East, HE",HE,regional,2024
2024,Christina Jessika Marie Paine,"NEC Members, London and the East, HE",HE,regional,2024
2024,Michael Abberton,"NEC Members, London and the East, HE",HE,regional,2024
2024,Rhian Elinor Keyse,"NEC Members, London and the East, HE",HE,regional,2024
2024,Sean Wallis,"NEC Members, London and the East, HE",HE,regional,2024
2024,Agnes Flues,"NEC Members, Midlands, HE",HE,regional,2023
2024,Caroline Proctor,"NEC Members, Midlands, HE",HE,regional,2023
2024,Rhiannon Lockley,"NEC Members, Midlands, HE",HE,regional,2023
2024,Elaine White,"NEC Members, North East, FE",FE,regional,2024
2024,Andrew Feeney,"NEC Members, North East, HE",HE,regional,2024
2024,Mark Taylor-Batty,"NEC Members, North East, HE",HE,regional,2024
2024,Matt Perry,"NEC Members, North East, HE",HE,regional,2024
2024,Helen Kelsall,"NEC Members, North West, FE",FE,regional,2023
2024,Lucy Burke,"NEC Members, North West, HE",HE,regional,2023
2024,Philippa Browning,"NEC Members, North West, HE",HE,regional,2023
2024,John Fones,"NEC Members, South, FE",FE,regional,2023
2024,Aris Katzourakis,"NEC Members, South, HE",HE,regional,2023
2024,Deepa Govindarajan Driver,"NEC Members, South, HE",HE,regional,2023
2024,Mark Abel,"NEC Members, South, HE",HE,regional,2023
2024,Rebecca Harrison,"NEC Members, South, HE",HE,regional,2023
2024,Estelle Hart,"NEC Members, Wales, HE",HE,regional,2024
2024,Carlo Morelli,UCU Scotland Honorary Secretary,HE,regional,2023
2024,Jeanette Findlay,UCU Scotland President,HE,regional,2023
2024,Duncan Moore,"UK NEC Members, FE",FE,uk_nec,2024
2024,Jackie D'Arcy,"UK NEC Members, FE",FE,uk_nec,2023
2024,Janet Farrar,"UK NEC Members, FE",FE,uk_nec,2024
2024,Naina Kent,"UK NEC Members, FE",FE,uk_nec,2024
2024,Sean Vernell,"UK NEC Members, FE",FE,uk_nec,2023
2024,Adam Hansen,"UK NEC Members, HE",HE,uk_nec,2023
2024,Ann Gow,"UK NEC Members, HE",HE,uk_nec,2024
2024,Donna Brown,"UK NEC Members, HE",HE,uk_nec,2024
2024,Dyfrig Jones,"UK NEC Members, HE",HE,uk_nec,2023
2024,Grant Buttars,"UK NEC Members, HE",HE,uk_nec,2024
2024,Marian Mayer,"UK NEC Members, HE",HE,uk_nec,2024
2024,Marion Hersh,"UK NEC Members, HE",HE,uk_nec,2023
2024,Saira Weiner,"UK NEC Members, HE",HE,uk_nec,2024
2024,Vicky Blake,"UK NEC Members, HE",HE,uk_nec,2023
2024,Maxine Looby,President,FE,vp_chain,2022
2024,Maria Chondrogianni,President-elect,HE,vp_chain,2023
2024,David Hunter,Vice-President,FE,vp_chain,2024
2024,Safia Flissi,"Representatives of Women Members, FE",FE,women,2024
2024,Suzi Toole,"Representatives of Women Members, FE",FE,women,2024
2024,Jo Edge,"Representatives of Women Members, HE",HE,women,2024
2024,Julie Hearn,"Representatives of Women Members, HE",HE,women,2024
2024,Lesley Kane,"Representatives of Women Members, HE",HE,women,2024
2025,Pauline Rattery,Representatives of Black Members,FE,equality,2025
2025,Victoria Showunmi,Representatives of Black Members,HE,equality,2025
2025,Andrew Ward,"Representatives of Casually Employed Members, FE",FE,equality,2025
2025,Pat Roche,"Representatives of Disabled Members, FE",FE,equality,2025
2025,Bijan Parsia,"Representatives of Disabled Members, HE",HE,equality,2025
2025,Peter Evans,"Representatives of LGBT+ Members, FE",FE,equality,2025
2025,Matilda Fitzmaurice,"Representatives of LGBT+ Members, HE",HE,equality,2025
2025,Ariane Bogain,Representatives of Migrant Members,HE,equality,2025
2025,Vivek Thuppil,Representatives of Migrant Members,HE,equality,2025
2025,Jo Grady,General Secretary,national,officer,2024
2025,Andrew Feeney,Honorary Treasurer,national,officer,2025
2025,Regine Pilling,"NEC Members, London and the East, FE",FE,regional,2024
2025,Richard McEwan,"NEC Members, London and the East, FE",FE,regional,2024
2025,Cecilia Wee,"NEC Members, London and the East, HE",HE,regional,2024
2025,Christina Jessika Marie Paine,"NEC Members, London and the East, HE",HE,regional,2024
2025,Michael Abberton,"NEC Members, London and the East, HE",HE,regional,2024
2025,Rhian Elinor Keyse,"NEC Members, London and the East, HE",HE,regional,2024
2025,Sean Wallis,"NEC Members, London and the East, HE",HE,regional,2024
2025,Alison Greaves,"NEC Members, Midlands, FE",FE,regional,2025
2025,Caroline Proctor,"NEC Members, Midlands, HE",HE,regional,2025
2025,Chris Pritchard,"NEC Members, Midlands, HE",HE,regional,2025
2025,Rhiannon Lockley,"NEC Members, Midlands, HE",HE,regional,2025
2025,Elaine White,"NEC Members, North East, FE",FE,regional,2024
2025,Andrew Feeney,"NEC Members, North East, HE",HE,regional,2024
2025,Mark Taylor-Batty,"NEC Members, North East, HE",HE,regional,2024
2025,Matt Perry,"NEC Members, North East, HE",HE,regional,2024
2025,Stuart David Bond,"NEC Members, North West, FE",FE,regional,2025
2025,J. Michelle Coghlan,"NEC Members, North West, HE",HE,regional,2025
2025,Peta Bulmer,"NEC Members, North West, HE",HE,regional,2025
2025,John Fones,"NEC Members, South, FE",FE,regional,2025
2025,Aris Katzourakis,"NEC Members, South, HE",HE,regional,2025
2025,Denis A Nicole,"NEC Members, South, HE",HE,regional,2025
2025,Ellen Owens,"NEC Members, South, HE",HE,regional,2025
2025,Jackie Grant,"NEC Members, South, HE",HE,regional,2025
2025,Jayne Francis-Headon,"NEC Members, Wales, FE",FE,regional,2025
2025,Estelle Hart,"NEC Members, Wales, HE",HE,regional,2024
2025,Ann Gow,UCU Scotland Honorary Secretary,HE,regional,2025
2025,Chris O'Donnell,UCU Scotland President,HE,regional,2025
2025,Duncan Moore,"UK NEC Members, FE",FE,uk_nec,2024
2025,Janet Farrar,"UK NEC Members, FE",FE,uk_nec,2024
2025,Linda Littler,"UK NEC Members, FE",FE,uk_nec,2025
2025,Marco Tesei,"UK NEC Members, FE",FE,uk_nec,2025
2025,Naina Kent,"UK NEC Members, FE",FE,uk_nec,2024
2025,Ann Gow,"UK NEC Members, HE",HE,uk_nec,2024
2025,Donna Brown,"UK NEC Members, HE",HE,uk_nec,2024
2025,Grant Buttars,"UK NEC Members, HE",HE,uk_nec,2024
2025,Marian Mayer,"UK NEC Members, HE",HE,uk_nec,2024
2025,Mark Pendleton,"UK NEC Members, HE",HE,uk_nec,2025
2025,Richard Wild,"UK NEC Members, HE",HE,uk_nec,2025
2025,Saira Weiner,"UK NEC Members, HE",HE,uk_nec,2024
2025,Sophia Woodman,"UK NEC Members, HE",HE,uk_nec,2025
2025,Maxine Looby,Immediate Past President,FE,vp_chain,2022
2025,Maria Chondrogianni,President,HE,vp_chain,2023
2025,Dyfrig Jones,Vice-President,HE,vp_chain,2025
2025,Safia Flissi,"Representatives of Women Members, FE",FE,women,2024
2025,Suzi Toole,"Representatives of Women Members, FE",FE,women,2024
2025,Jo Edge,"Representatives of Women Members, HE",HE,women,2024
2025,Julie Hearn,"Representatives of Women Members, HE",HE,women,2024
2025,Lesley Kane,"Representatives of Women Members, HE",HE,women,2024
2026,Pauline Rattery,Representatives of Black Members,FE,equality,2025
2026,Victoria Showunmi,Representatives of Black Members,HE,equality,2025
2026,Andrew Ward,"Representatives of Casually Employed Members, FE",FE,equality,2025
2026,Pat Roche,"Representatives of Disabled Members, FE",FE,equality,2025
2026,Bijan Parsia,"Representatives of Disabled Members, HE",HE,equality,2025
2026,Peter Evans,"Representatives of LGBT+ Members, FE",FE,equality,2025
2026,Matilda Fitzmaurice,"Representatives of LGBT+ Members, HE",HE,equality,2025
2026,Ariane Bogain,Representatives of Migrant Members,HE,equality,2025
2026,Vivek Thuppil,Representatives of Migrant Members,HE,equality,2025
2026,Andrew Feeney,Honorary Treasurer,national,officer,2025
2026,Regine Pilling,"NEC Members, London and the East, FE",FE,regional,2026
2026,Sean Vernell,"NEC Members, London and the East, FE",FE,regional,2026
2026,Anastasia Christou,"NEC Members, London and the East, HE",HE,regional,2026
2026,Bianca De Haan,"NEC Members, London and the East, HE",HE,regional,2026
2026,Christina Jessika Marie Paine,"NEC Members, London and the East, HE",HE,regional,2026
2026,Michael Abberton,"NEC Members, London and the East, HE",HE,regional,2026
2026,Sean Wallis,"NEC Members, London and the East, HE",HE,regional,2026
2026,Alison Greaves,"NEC Members, Midlands, FE",FE,regional,2025
2026,Caroline Proctor,"NEC Members, Midlands, HE",HE,regional,2025
2026,Chris Pritchard,"NEC Members, Midlands, HE",HE,regional,2025
2026,Rhiannon Lockley,"NEC Members, Midlands, HE",HE,regional,2025
2026,Matt Perry,"NEC Members, North East, HE",HE,regional,2026
2026,Susan Fitzpatrick,"NEC Members, North East, HE",HE,regional,2026
2026,Terry Murphy,"NEC Members, North East, HE",HE,regional,2026
2026,Andrew Oldham,"NEC Members, North West, FE",FE,regional,2026
2026,Stuart David Bond,"NEC Members, North West, FE",FE,regional,2025
2026,J. Michelle Coghlan,"NEC Members, North West, HE",HE,regional,2025
2026,Peta Bulmer,"NEC Members, North West, HE",HE,regional,2025
2026,John Fones,"NEC Members, South, FE",FE,regional,2025
2026,Aris Katzourakis,"NEC Members, South, HE",HE,regional,2025
2026,Denis A Nicole,"NEC Members, South, HE",HE,regional,2025
2026,Ellen Owens,"NEC Members, South, HE",HE,regional,2025
2026,Jackie Grant,"NEC Members, South, HE",HE,regional,2025
2026,Jayne Francis-Headon,"NEC Members, Wales, FE",FE,regional,2025
2026,Ann Gow,UCU Scotland Honorary Secretary,HE,regional,2025
2026,Chris O'Donnell,UCU Scotland President,HE,regional,2025
2026,Duncan Moore,"UK NEC Members, FE",FE,uk_nec,2026
2026,Jill Kennedy-McNeil,"UK NEC Members, FE",FE,uk_nec,2026
2026,Linda Littler,"UK NEC Members, FE",FE,uk_nec,2025
2026,Marco Tesei,"UK NEC Members, FE",FE,uk_nec,2025
2026,Maria Vasquez-Aguilar,"UK NEC Members, FE",FE,uk_nec,2026
2026,Alex Prichard,"UK NEC Members, HE",HE,uk_nec,2026
2026,Gillian Jack,"UK NEC Members, HE",HE,uk_nec,2026
2026,Jo Taplin-Green,"UK NEC Members, HE",HE,uk_nec,2026
2026,Marion Hersh,"UK NEC Members, HE",HE,uk_nec,2026
2026,Matthew J. Barnard,"UK NEC Members, HE",HE,uk_nec,2026
2026,Richard Wild,"UK NEC Members, HE",HE,uk_nec,2025
2026,Sophia Woodman,"UK NEC Members, HE",HE,uk_nec,2025
2026,Maria Chondrogianni,Immediate Past President,HE,vp_chain,2023
2026,Dyfrig Jones,President,HE,vp_chain,2025
2026,Mark Pendleton,Vice-President,HE,vp_chain,2026
2026,Suzi Toole,Vice-President,FE,vp_chain,2026
2026,Maxine Looby,"Representatives of Women Members, FE",FE,women,2026
2026,Safia Flissi,"Representatives of Women Members, FE",FE,women,2026
2026,Deepa Govindarajan Driver,"Representatives of Women Members, HE",HE,women,2026
2026,Poppy Gerard-Abbott,"Representatives of Women Members, HE",HE,women,2026
2026,Rhian Elinor Keyse,"Representatives of Women Members, HE",HE,women,2026
